{
  "curves": [
    {
      "step": 1,
      "training_loss": 5.667050361633301,
      "training_mean_bytes_per_patch": 3.0820165537998494,
      "validation": {
        "bits_per_byte": 6.9752975276543125,
        "byte_accuracy": 0.1806640625,
        "evaluated_bytes": 65536,
        "mean_bytes_per_patch": 3.1255246089278903,
        "patches": 20968
      },
      "wall_seconds": 5.7062887999927625
    },
    {
      "step": 610,
      "training_loss": 1.6824134588241577,
      "training_mean_bytes_per_patch": 3.138697318007663,
      "validation": {
        "bits_per_byte": 2.368941364080309,
        "byte_accuracy": 0.5248870849609375,
        "evaluated_bytes": 65536,
        "mean_bytes_per_patch": 3.1255246089278903,
        "patches": 20968
      },
      "wall_seconds": 133.79998559993692
    },
    {
      "step": 1220,
      "training_loss": 1.5067081451416016,
      "training_mean_bytes_per_patch": 3.139900344959755,
      "validation": {
        "bits_per_byte": 2.1878756752394106,
        "byte_accuracy": 0.5577239990234375,
        "evaluated_bytes": 65536,
        "mean_bytes_per_patch": 3.1255246089278903,
        "patches": 20968
      },
      "wall_seconds": 264.0163290000055
    },
    {
      "step": 1221,
      "training_loss": 1.520986557006836,
      "training_mean_bytes_per_patch": 3.1314984709480123,
      "validation": {
        "bits_per_byte": 2.1857660231803124,
        "byte_accuracy": 0.5573577880859375,
        "evaluated_bytes": 65536,
        "mean_bytes_per_patch": 3.1255246089278903,
        "patches": 20968
      },
      "wall_seconds": 269.38203799992334
    }
  ],
  "expert_gradient_steps": [
    1221,
    1221,
    1221,
    1221,
    1221,
    1221,
    1221,
    1221
  ],
  "format": "layercake-adaptive-core-resume/1",
  "peak_memory": 481829888,
  "routing_assignments": [
    433121,
    432302,
    436892,
    430283,
    422412,
    431857,
    427613,
    431888
  ],
  "routing_entropy": 1195.4272570610046,
  "routing_observations": 1221,
  "run_fingerprint": "97de5e1e127f90b8e6816c16b8bfafa556fe8c14b66396e9a81e97e54a130e2d",
  "step": 1221,
  "wall_seconds": 269.38203799992334
}