{
  "created_at": "2026-06-24T02:25:42.134489+00:00",
  "early_stop_rules": [
    {
      "min_delta": 0.0,
      "patience": 2,
      "type": "compute_waste"
    }
  ],
  "expected_cost": 1.1e-07,
  "expected_improvement": 0.014279010772705079,
  "frozen_modules": [],
  "gate_thresholds": {},
  "loss_weights": {
    "abi_stability": 0.1,
    "lm": 1.0
  },
  "optimizer_overrides": {
    "lr": 0.01
  },
  "ordered_data_buckets": [
    {
      "byte_count": 19,
      "difficulty": 4.2081963388543375,
      "index": 1
    },
    {
      "byte_count": 19,
      "difficulty": 3.7871437072753906,
      "index": 2
    },
    {
      "byte_count": 15,
      "difficulty": 3.1395723819732666,
      "index": 0
    }
  ],
  "preview_id": "2f986bc81607d947",
  "rollback_rules": [
    {
      "on": "gate_failure",
      "restore_parent": true
    }
  ],
  "rubric_id": "curriculum_modes",
  "sampling_weights": [
    0.3333333333333333,
    0.3333333333333333,
    0.3333333333333333
  ],
  "stage_schedule": [
    {
      "mode": "hard_to_easy",
      "steps": 2
    }
  ],
  "syllabus_hash": "77d63a5303cfb4be982d9710e54902a655a9cc08aa1d4037c87bb25c9b88be44",
  "syllabus_id": "90888223c5b23ddc",
  "trainable_modules": [
    "layercake_core"
  ]
}
