{
  "created_at": "2026-06-24T16:34:30.425969+00:00",
  "early_stop_rules": [
    {
      "min_delta": 0.0,
      "patience": 2,
      "type": "compute_waste"
    }
  ],
  "expected_cost": 0.039415232,
  "expected_improvement": 0.014388269424438476,
  "frozen_modules": [],
  "gate_thresholds": {
    "bpb_gate": 20.0,
    "transformer_quality_gate": 0.0
  },
  "loss_weights": {
    "abi_stability": 0.1,
    "lm": 1.0
  },
  "optimizer_overrides": {
    "lr": 0.025
  },
  "ordered_data_buckets": [
    {
      "byte_count": 51,
      "difficulty": 3.961476685954075,
      "index": 2
    },
    {
      "byte_count": 70,
      "difficulty": 4.199743693215506,
      "index": 1
    },
    {
      "byte_count": 70,
      "difficulty": 4.284761074611119,
      "index": 0
    }
  ],
  "preview_id": "e6cf16364af91747",
  "rollback_rules": [
    {
      "on": "gate_failure",
      "restore_parent": true
    }
  ],
  "rubric_id": "tier1_dominance_smoke",
  "sampling_weights": [
    0.3333333333333333,
    0.3333333333333333,
    0.3333333333333333
  ],
  "stage_schedule": [
    {
      "mode": "easy_to_hard",
      "steps": 2
    }
  ],
  "syllabus_hash": "a999949dd7d383066e1a02f3e3ab5189665d604c0acb1ec3472f420417cdf477",
  "syllabus_id": "c519d2029356294c",
  "trainable_modules": [
    "layercake_core"
  ]
}
