{
  "curves": [
    {
      "step": 1,
      "training_loss": 6.341925621032715,
      "training_mean_bytes_per_patch": 3.3355048859934855,
      "validation": {
        "bits_per_byte": 7.186407499960461,
        "byte_accuracy": 0.16064453125,
        "evaluated_bytes": 32768,
        "mean_bytes_per_patch": 3.3649620045183815,
        "patches": 9738
      },
      "wall_seconds": 0.2367130999919027
    },
    {
      "step": 610,
      "training_loss": 2.108407735824585,
      "training_mean_bytes_per_patch": 3.3851239669421487,
      "validation": {
        "bits_per_byte": 2.5992727140117045,
        "byte_accuracy": 0.486907958984375,
        "evaluated_bytes": 32768,
        "mean_bytes_per_patch": 3.3649620045183815,
        "patches": 9738
      },
      "wall_seconds": 25.3137419000268
    },
    {
      "step": 1220,
      "training_loss": 1.9090323448181152,
      "training_mean_bytes_per_patch": 3.4133333333333336,
      "validation": {
        "bits_per_byte": 2.329176884536728,
        "byte_accuracy": 0.53411865234375,
        "evaluated_bytes": 32768,
        "mean_bytes_per_patch": 3.3649620045183815,
        "patches": 9738
      },
      "wall_seconds": 50.75506290001795
    },
    {
      "step": 1221,
      "training_loss": 1.9382014274597168,
      "training_mean_bytes_per_patch": 3.380932728023112,
      "validation": {
        "bits_per_byte": 2.3300905423694367,
        "byte_accuracy": 0.534820556640625,
        "evaluated_bytes": 32768,
        "mean_bytes_per_patch": 3.3649620045183815,
        "patches": 9738
      },
      "wall_seconds": 51.03543960000388
    }
  ],
  "expert_gradient_steps": [
    1221,
    1221,
    1221,
    1221,
    1221,
    1221,
    1221,
    1221
  ],
  "format": "layercake-adaptive-core-resume/1",
  "peak_memory": 617483264,
  "routing_assignments": [
    406394,
    407616,
    403894,
    408648,
    407172,
    406596,
    406856,
    410456
  ],
  "routing_entropy": 1203.0097758173943,
  "routing_observations": 1221,
  "run_fingerprint": "a9cc62ba034aa9f6bef402ababcc06f1faf0a41f5971a6ee47c4324aa2aec1d6",
  "step": 1221,
  "wall_seconds": 51.03543960000388
}