{
  "curves": [
    {
      "step": 1,
      "training_loss": 6.407190799713135,
      "training_mean_bytes_per_patch": 3.3656532456861132,
      "validation": {
        "bits_per_byte": 7.109802987613149,
        "byte_accuracy": 0.16522216796875,
        "evaluated_bytes": 32768,
        "mean_bytes_per_patch": 3.3649620045183815,
        "patches": 9738
      },
      "wall_seconds": 0.19251660001464188
    },
    {
      "step": 610,
      "training_loss": 2.1209585666656494,
      "training_mean_bytes_per_patch": 3.301894397420395,
      "validation": {
        "bits_per_byte": 2.4562352054924808,
        "byte_accuracy": 0.50537109375,
        "evaluated_bytes": 32768,
        "mean_bytes_per_patch": 3.3649620045183815,
        "patches": 9738
      },
      "wall_seconds": 25.519318399950862
    },
    {
      "step": 1220,
      "training_loss": 1.8242124319076538,
      "training_mean_bytes_per_patch": 3.3314355429036193,
      "validation": {
        "bits_per_byte": 2.231383744139985,
        "byte_accuracy": 0.5467529296875,
        "evaluated_bytes": 32768,
        "mean_bytes_per_patch": 3.3649620045183815,
        "patches": 9738
      },
      "wall_seconds": 50.95008899993263
    },
    {
      "step": 1221,
      "training_loss": 1.7846307754516602,
      "training_mean_bytes_per_patch": 3.34640522875817,
      "validation": {
        "bits_per_byte": 2.234358764528104,
        "byte_accuracy": 0.547088623046875,
        "evaluated_bytes": 32768,
        "mean_bytes_per_patch": 3.3649620045183815,
        "patches": 9738
      },
      "wall_seconds": 51.22028909996152
    }
  ],
  "expert_gradient_steps": [
    1221,
    1221,
    1221,
    1221,
    1221,
    1221,
    1221,
    1221
  ],
  "format": "layercake-adaptive-core-resume/1",
  "peak_memory": 621903872,
  "routing_assignments": [
    408963,
    408896,
    406573,
    407602,
    406779,
    407408,
    407295,
    403924
  ],
  "routing_entropy": 1212.4867411851883,
  "routing_observations": 1221,
  "run_fingerprint": "204053d51bcafd6860a86054f5f70b20be9fd1e3753e85b5b6acaa38513017d8",
  "step": 1221,
  "wall_seconds": 51.22028909996152
}