{
  "curves": [
    {
      "step": 1,
      "training_loss": 6.099069118499756,
      "training_mean_bytes_per_patch": 3.3355048859934855,
      "validation": {
        "bits_per_byte": 6.836469369757366,
        "byte_accuracy": 0.1864013671875,
        "evaluated_bytes": 32768,
        "mean_bytes_per_patch": 3.3649620045183815,
        "patches": 9738
      },
      "wall_seconds": 0.5175625999690965
    },
    {
      "step": 610,
      "training_loss": 2.0172510147094727,
      "training_mean_bytes_per_patch": 3.3851239669421487,
      "validation": {
        "bits_per_byte": 2.4371711113759047,
        "byte_accuracy": 0.510467529296875,
        "evaluated_bytes": 32768,
        "mean_bytes_per_patch": 3.3649620045183815,
        "patches": 9738
      },
      "wall_seconds": 30.755104599986225
    },
    {
      "step": 1220,
      "training_loss": 1.8445093631744385,
      "training_mean_bytes_per_patch": 3.4133333333333336,
      "validation": {
        "bits_per_byte": 2.2234143690686414,
        "byte_accuracy": 0.547393798828125,
        "evaluated_bytes": 32768,
        "mean_bytes_per_patch": 3.3649620045183815,
        "patches": 9738
      },
      "wall_seconds": 60.61036230006721
    },
    {
      "step": 1221,
      "training_loss": 1.8493748903274536,
      "training_mean_bytes_per_patch": 3.380932728023112,
      "validation": {
        "bits_per_byte": 2.224184163413903,
        "byte_accuracy": 0.54736328125,
        "evaluated_bytes": 32768,
        "mean_bytes_per_patch": 3.3649620045183815,
        "patches": 9738
      },
      "wall_seconds": 60.91504450002685
    }
  ],
  "expert_gradient_steps": [
    1221,
    1221,
    1221,
    1221,
    1221,
    1221,
    1221,
    1221
  ],
  "format": "layercake-adaptive-core-resume/1",
  "peak_memory": 582562816,
  "routing_assignments": [
    406724,
    406478,
    402558,
    405673,
    407596,
    407764,
    407522,
    413317
  ],
  "routing_entropy": 1213.896088540554,
  "routing_observations": 1221,
  "run_fingerprint": "269a1e208e7caa8edf640acaf0835d7f4c2d137b1fbcb3def145a67912b50728",
  "step": 1221,
  "wall_seconds": 60.91504450002685
}