{
  "curves": [
    {
      "step": 1,
      "training_loss": 5.7332024574279785,
      "training_mean_bytes_per_patch": 3.30989898989899,
      "validation": {
        "bits_per_byte": 7.041493671469239,
        "byte_accuracy": 0.183349609375,
        "evaluated_bytes": 32768,
        "mean_bytes_per_patch": 3.3649620045183815,
        "patches": 9738
      },
      "wall_seconds": 0.47543910006061196
    },
    {
      "step": 610,
      "training_loss": 1.6777527332305908,
      "training_mean_bytes_per_patch": 3.3893256102606535,
      "validation": {
        "bits_per_byte": 2.4311713461157365,
        "byte_accuracy": 0.5113525390625,
        "evaluated_bytes": 32768,
        "mean_bytes_per_patch": 3.3649620045183815,
        "patches": 9738
      },
      "wall_seconds": 27.2229207000928
    },
    {
      "step": 1220,
      "training_loss": 1.602271556854248,
      "training_mean_bytes_per_patch": 3.3287281592848434,
      "validation": {
        "bits_per_byte": 2.213023983472186,
        "byte_accuracy": 0.548919677734375,
        "evaluated_bytes": 32768,
        "mean_bytes_per_patch": 3.3649620045183815,
        "patches": 9738
      },
      "wall_seconds": 53.397718500113115
    },
    {
      "step": 1221,
      "training_loss": 1.6228241920471191,
      "training_mean_bytes_per_patch": 3.3477727829995914,
      "validation": {
        "bits_per_byte": 2.2125472583129104,
        "byte_accuracy": 0.550262451171875,
        "evaluated_bytes": 32768,
        "mean_bytes_per_patch": 3.3649620045183815,
        "patches": 9738
      },
      "wall_seconds": 53.66045780002605
    }
  ],
  "expert_gradient_steps": [
    1221,
    1221,
    1221,
    1221,
    1221,
    1221,
    1221,
    1221
  ],
  "format": "layercake-adaptive-core-resume/1",
  "peak_memory": 573494784,
  "routing_assignments": [
    408080,
    405964,
    409751,
    406437,
    410434,
    405816,
    405515,
    409731
  ],
  "routing_entropy": 1212.5976366400719,
  "routing_observations": 1221,
  "run_fingerprint": "a107f807f5cb6fd4044597b746c29d5d58f2cdc89f8ae32cdca7bf78dfb42d9e",
  "step": 1221,
  "wall_seconds": 53.66045780002605
}