{
  "curves": [
    {
      "step": 1,
      "training_loss": 6.164256572723389,
      "training_mean_bytes_per_patch": 3.30989898989899,
      "validation": {
        "bits_per_byte": 6.8296410135831715,
        "byte_accuracy": 0.1759033203125,
        "evaluated_bytes": 32768,
        "mean_bytes_per_patch": 3.3649620045183815,
        "patches": 9738
      },
      "wall_seconds": 0.349737900076434
    },
    {
      "step": 610,
      "training_loss": 1.9720205068588257,
      "training_mean_bytes_per_patch": 3.3893256102606535,
      "validation": {
        "bits_per_byte": 2.459718047652935,
        "byte_accuracy": 0.507720947265625,
        "evaluated_bytes": 32768,
        "mean_bytes_per_patch": 3.3649620045183815,
        "patches": 9738
      },
      "wall_seconds": 41.99860070005525
    },
    {
      "step": 1220,
      "training_loss": 1.8959711790084839,
      "training_mean_bytes_per_patch": 3.3287281592848434,
      "validation": {
        "bits_per_byte": 2.235746696767314,
        "byte_accuracy": 0.547607421875,
        "evaluated_bytes": 32768,
        "mean_bytes_per_patch": 3.3649620045183815,
        "patches": 9738
      },
      "wall_seconds": 86.67179619998205
    },
    {
      "step": 1221,
      "training_loss": 1.9058164358139038,
      "training_mean_bytes_per_patch": 3.3477727829995914,
      "validation": {
        "bits_per_byte": 2.237635571472824,
        "byte_accuracy": 0.547210693359375,
        "evaluated_bytes": 32768,
        "mean_bytes_per_patch": 3.3649620045183815,
        "patches": 9738
      },
      "wall_seconds": 87.15526020003017
    }
  ],
  "expert_gradient_steps": [
    1221,
    1221,
    1221,
    1221,
    1221,
    1221,
    1221,
    1221
  ],
  "format": "layercake-adaptive-core-resume/1",
  "peak_memory": 593779712,
  "routing_assignments": [
    405469,
    408054,
    409843,
    407600,
    409015,
    406979,
    406049,
    408719
  ],
  "routing_entropy": 1212.8254263401031,
  "routing_observations": 1221,
  "run_fingerprint": "643ff4474ce35ace7cc07b745a3964f9e261dcfdfcb6c67c1ef20d60ed870650",
  "step": 1221,
  "wall_seconds": 87.15526020003017
}