{
  "candidate": "whitespace_complete_wordctx64k_local2_core7",
  "checkpoint_sha256": "3adf53992ffd218f07d018e5b4afd1f9a877e652fa5b8d214fd95f31ff052ded",
  "exact_command": "C:\\Python310\\python.exe -m layercake.phase2_recertification profile-quality --input results/moonshot/phase2_recertification/architecture_search_10m_word_context.json --candidate whitespace_complete_wordctx64k_local2_core7 --output results/moonshot/phase2_recertification/quality_limiter_profile_10m_word_context.json",
  "format": "layercake-phase2-quality-limiter-profile/1",
  "groups": {
    "local_context_depth": {
      "1": {
        "bits_per_byte": 2.8437097208781923,
        "byte_accuracy": 0.4306640625,
        "bytes": 4096
      },
      "2": {
        "bits_per_byte": 2.3758443016059414,
        "byte_accuracy": 0.517578125,
        "bytes": 4096
      },
      "3": {
        "bits_per_byte": 2.160905447296888,
        "byte_accuracy": 0.566162109375,
        "bytes": 4096
      },
      "4": {
        "bits_per_byte": 2.143173589912932,
        "byte_accuracy": 0.563720703125,
        "bytes": 4096
      },
      "5": {
        "bits_per_byte": 2.143245000334245,
        "byte_accuracy": 0.5615234375,
        "bytes": 4096
      },
      "6": {
        "bits_per_byte": 2.1033555915181856,
        "byte_accuracy": 0.574462890625,
        "bytes": 4096
      },
      "7": {
        "bits_per_byte": 2.114500448880602,
        "byte_accuracy": 0.571533203125,
        "bytes": 4096
      },
      "8_plus": {
        "bits_per_byte": 2.1208357773734074,
        "byte_accuracy": 0.5702311197916666,
        "bytes": 36864
      }
    },
    "local_position": {
      "0": {
        "bits_per_byte": 2.8437097208781923,
        "byte_accuracy": 0.4306640625,
        "bytes": 4096
      },
      "1": {
        "bits_per_byte": 2.3758443016059414,
        "byte_accuracy": 0.517578125,
        "bytes": 4096
      },
      "10": {
        "bits_per_byte": 2.123107976326888,
        "byte_accuracy": 0.564697265625,
        "bytes": 4096
      },
      "11": {
        "bits_per_byte": 2.1093823956757443,
        "byte_accuracy": 0.576171875,
        "bytes": 4096
      },
      "12": {
        "bits_per_byte": 2.134400384054829,
        "byte_accuracy": 0.56640625,
        "bytes": 4096
      },
      "13": {
        "bits_per_byte": 2.083439764072127,
        "byte_accuracy": 0.5751953125,
        "bytes": 4096
      },
      "14": {
        "bits_per_byte": 2.1228452996999843,
        "byte_accuracy": 0.574951171875,
        "bytes": 4096
      },
      "15": {
        "bits_per_byte": 2.1418593307417853,
        "byte_accuracy": 0.56689453125,
        "bytes": 4096
      },
      "2": {
        "bits_per_byte": 2.160905447296888,
        "byte_accuracy": 0.566162109375,
        "bytes": 4096
      },
      "3": {
        "bits_per_byte": 2.143173589912932,
        "byte_accuracy": 0.563720703125,
        "bytes": 4096
      },
      "4": {
        "bits_per_byte": 2.143245000334245,
        "byte_accuracy": 0.5615234375,
        "bytes": 4096
      },
      "5": {
        "bits_per_byte": 2.1033555915181856,
        "byte_accuracy": 0.574462890625,
        "bytes": 4096
      },
      "6": {
        "bits_per_byte": 2.114500448880602,
        "byte_accuracy": 0.571533203125,
        "bytes": 4096
      },
      "7": {
        "bits_per_byte": 2.122397059167257,
        "byte_accuracy": 0.567138671875,
        "bytes": 4096
      },
      "8": {
        "bits_per_byte": 2.1031584671535497,
        "byte_accuracy": 0.57373046875,
        "bytes": 4096
      },
      "9": {
        "bits_per_byte": 2.146931319468501,
        "byte_accuracy": 0.56689453125,
        "bytes": 4096
      }
    },
    "patch_offset": {
      "0": {
        "bits_per_byte": 2.1070635009589234,
        "byte_accuracy": 0.5458794353300267,
        "bytes": 20968
      },
      "1": {
        "bits_per_byte": 2.251017520123007,
        "byte_accuracy": 0.5437745311818578,
        "bytes": 18344
      },
      "2": {
        "bits_per_byte": 2.1820463513370205,
        "byte_accuracy": 0.5795865456778331,
        "bytes": 14657
      },
      "3": {
        "bits_per_byte": 2.22966500370767,
        "byte_accuracy": 0.5715397250799689,
        "bytes": 11567
      }
    },
    "target_byte_class": {
      "ascii_digit": {
        "bits_per_byte": 4.063723109732702,
        "byte_accuracy": 0.23257328990228013,
        "bytes": 1535
      },
      "ascii_letter": {
        "bits_per_byte": 2.4935927009382506,
        "byte_accuracy": 0.4833074851032569,
        "bytes": 49004
      },
      "ascii_punctuation": {
        "bits_per_byte": 3.2105283601256174,
        "byte_accuracy": 0.42436235708003517,
        "bytes": 2274
      },
      "utf8_continuation": {
        "bits_per_byte": 2.1590959798259433,
        "byte_accuracy": 0.6565656565656566,
        "bytes": 99
      },
      "utf8_lead": {
        "bits_per_byte": 7.659542958657503,
        "byte_accuracy": 0.018867924528301886,
        "bytes": 53
      },
      "whitespace": {
        "bits_per_byte": 0.5482523787017718,
        "byte_accuracy": 0.9112242462811232,
        "bytes": 12571
      }
    },
    "transition_class": {
      "ascii_word_end": {
        "bits_per_byte": 0.5777948127829908,
        "byte_accuracy": 0.9094271718484455,
        "bytes": 10003
      },
      "ascii_word_start": {
        "bits_per_byte": 4.574412703031898,
        "byte_accuracy": 0.1817541033128587,
        "bytes": 9931
      },
      "inside_ascii_word": {
        "bits_per_byte": 1.9602055795032538,
        "byte_accuracy": 0.5601182063471669,
        "bytes": 38915
      },
      "other_transition": {
        "bits_per_byte": 2.326783586813021,
        "byte_accuracy": 0.5733436055469954,
        "bytes": 6490
      },
      "utf8_transition": {
        "bits_per_byte": 3.3297544062265474,
        "byte_accuracy": 0.5431472081218274,
        "bytes": 197
      }
    }
  },
  "input_path": "results/moonshot/phase2_recertification/architecture_search_10m_word_context.json",
  "input_sha256": "18ed2b05c94dfa286a82544cf41976e365d1f0c5b5106972dc43edc9b0b0535f",
  "measured_bottleneck": {
    "highest_loss_local_position": 0,
    "highest_loss_local_position_bpb": 2.8437097208781923,
    "highest_loss_transition": "ascii_word_start",
    "highest_loss_transition_bpb": 4.574412703031898
  },
  "overall": {
    "bits_per_byte": 2.1857660285547706,
    "byte_accuracy": 0.5573577880859375,
    "evaluated_bytes": 65536
  },
  "profile_sha256": "4a5c43f340177c376a15bfb341a5b653157018a801d5466aeeb3a8cd8cc4181d",
  "status": "PASS",
  "test_accessed": false,
  "validation_data_sha256": "fdd0a46dc8028b25ad9b8bc1d47c6741c20766d0f3e787b41cebb2da2297eb10"
}
