{
  "candidate": "whitespace_complete_sliding16_local2_core7",
  "checkpoint_sha256": "788ac9d52e7752084602ccae644e64fb2a2f04503b3cdb154ea025351fb860a3",
  "exact_command": "C:\\Python310\\python.exe -m layercake.phase2_recertification profile-quality --input results/moonshot/phase2_recertification/architecture_search_10m_sliding_local.json --candidate whitespace_complete_sliding16_local2_core7 --output results/moonshot/phase2_recertification/quality_limiter_profile_10m_sliding_local.json",
  "format": "layercake-phase2-quality-limiter-profile/1",
  "groups": {
    "local_context_depth": {
      "1": {
        "bits_per_byte": 2.159715107000146,
        "byte_accuracy": 0.561767578125,
        "bytes": 4096
      },
      "2": {
        "bits_per_byte": 2.160905511790382,
        "byte_accuracy": 0.564453125,
        "bytes": 4096
      },
      "3": {
        "bits_per_byte": 2.1232879292987263,
        "byte_accuracy": 0.57666015625,
        "bytes": 4096
      },
      "4": {
        "bits_per_byte": 2.0942491961463254,
        "byte_accuracy": 0.57177734375,
        "bytes": 4096
      },
      "5": {
        "bits_per_byte": 2.1243781541948352,
        "byte_accuracy": 0.569091796875,
        "bytes": 4096
      },
      "6": {
        "bits_per_byte": 2.053007278142676,
        "byte_accuracy": 0.58349609375,
        "bytes": 4096
      },
      "7": {
        "bits_per_byte": 2.078003666575704,
        "byte_accuracy": 0.583740234375,
        "bytes": 4096
      },
      "8_plus": {
        "bits_per_byte": 2.081721036341546,
        "byte_accuracy": 0.5784233940972222,
        "bytes": 36864
      }
    },
    "local_position": {
      "0": {
        "bits_per_byte": 2.159715107000146,
        "byte_accuracy": 0.561767578125,
        "bytes": 4096
      },
      "1": {
        "bits_per_byte": 2.160905511790382,
        "byte_accuracy": 0.564453125,
        "bytes": 4096
      },
      "10": {
        "bits_per_byte": 2.1069172716006865,
        "byte_accuracy": 0.572265625,
        "bytes": 4096
      },
      "11": {
        "bits_per_byte": 2.070400152347324,
        "byte_accuracy": 0.580322265625,
        "bytes": 4096
      },
      "12": {
        "bits_per_byte": 2.087035980420705,
        "byte_accuracy": 0.57568359375,
        "bytes": 4096
      },
      "13": {
        "bits_per_byte": 2.040901322608202,
        "byte_accuracy": 0.582763671875,
        "bytes": 4096
      },
      "14": {
        "bits_per_byte": 2.0907558361718794,
        "byte_accuracy": 0.582763671875,
        "bytes": 4096
      },
      "15": {
        "bits_per_byte": 2.0937292549715623,
        "byte_accuracy": 0.57177734375,
        "bytes": 4096
      },
      "2": {
        "bits_per_byte": 2.1232879292987263,
        "byte_accuracy": 0.57666015625,
        "bytes": 4096
      },
      "3": {
        "bits_per_byte": 2.0942491961463254,
        "byte_accuracy": 0.57177734375,
        "bytes": 4096
      },
      "4": {
        "bits_per_byte": 2.1243781541948352,
        "byte_accuracy": 0.569091796875,
        "bytes": 4096
      },
      "5": {
        "bits_per_byte": 2.053007278142676,
        "byte_accuracy": 0.58349609375,
        "bytes": 4096
      },
      "6": {
        "bits_per_byte": 2.078003666575704,
        "byte_accuracy": 0.583740234375,
        "bytes": 4096
      },
      "7": {
        "bits_per_byte": 2.072228972860936,
        "byte_accuracy": 0.572021484375,
        "bytes": 4096
      },
      "8": {
        "bits_per_byte": 2.0604444851476718,
        "byte_accuracy": 0.58837890625,
        "bytes": 4096
      },
      "9": {
        "bits_per_byte": 2.1130760509449513,
        "byte_accuracy": 0.579833984375,
        "bytes": 4096
      }
    },
    "patch_offset": {
      "0": {
        "bits_per_byte": 2.0479975746209726,
        "byte_accuracy": 0.5560377718428081,
        "bytes": 20968
      },
      "1": {
        "bits_per_byte": 2.168316575468297,
        "byte_accuracy": 0.5649258613170519,
        "bytes": 18344
      },
      "2": {
        "bits_per_byte": 2.0040624569150904,
        "byte_accuracy": 0.6187487207477655,
        "bytes": 14657
      },
      "3": {
        "bits_per_byte": 2.1823615731983024,
        "byte_accuracy": 0.5758623670787585,
        "bytes": 11567
      }
    },
    "target_byte_class": {
      "ascii_digit": {
        "bits_per_byte": 3.8636187306154888,
        "byte_accuracy": 0.22671009771986972,
        "bytes": 1535
      },
      "ascii_letter": {
        "bits_per_byte": 2.4031130168420467,
        "byte_accuracy": 0.5038568280140396,
        "bytes": 49004
      },
      "ascii_punctuation": {
        "bits_per_byte": 3.0346416177775684,
        "byte_accuracy": 0.4788918205804749,
        "bytes": 2274
      },
      "utf8_continuation": {
        "bits_per_byte": 2.3543058066657774,
        "byte_accuracy": 0.6767676767676768,
        "bytes": 99
      },
      "utf8_lead": {
        "bits_per_byte": 7.66669404919967,
        "byte_accuracy": 0.03773584905660377,
        "bytes": 53
      },
      "whitespace": {
        "bits_per_byte": 0.4853983369171977,
        "byte_accuracy": 0.9191790629225997,
        "bytes": 12571
      }
    },
    "transition_class": {
      "ascii_word_end": {
        "bits_per_byte": 0.5154172319055361,
        "byte_accuracy": 0.9165250424872539,
        "bytes": 10003
      },
      "ascii_word_start": {
        "bits_per_byte": 4.578090181230091,
        "byte_accuracy": 0.17510824690363508,
        "bytes": 9931
      },
      "inside_ascii_word": {
        "bits_per_byte": 1.8466349290425663,
        "byte_accuracy": 0.5875626365154825,
        "bytes": 38915
      },
      "other_transition": {
        "bits_per_byte": 2.1860584741827425,
        "byte_accuracy": 0.5963020030816641,
        "bytes": 6490
      },
      "utf8_transition": {
        "bits_per_byte": 3.375042421330558,
        "byte_accuracy": 0.5583756345177665,
        "bytes": 197
      }
    }
  },
  "input_path": "results/moonshot/phase2_recertification/architecture_search_10m_sliding_local.json",
  "input_sha256": "f1b98eaa7f5dfe7a45469483b6f7c902fb809e97bd347bac252012ac7aafa606",
  "measured_bottleneck": {
    "highest_loss_local_position": 1,
    "highest_loss_local_position_bpb": 2.160905511790382,
    "highest_loss_transition": "ascii_word_start",
    "highest_loss_transition_bpb": 4.578090181230091
  },
  "overall": {
    "bits_per_byte": 2.0955647774341,
    "byte_accuracy": 0.5760498046875,
    "evaluated_bytes": 65536
  },
  "profile_sha256": "0aff4bda333fa63e51a61ed3a3dfe456e55c5b127c3ea161e4dc8aadec2c7ac0",
  "status": "PASS",
  "test_accessed": false,
  "validation_data_sha256": "fdd0a46dc8028b25ad9b8bc1d47c6741c20766d0f3e787b41cebb2da2297eb10"
}
