{
  "candidate": "whitespace_complete_wordctx_gated_local2_core7",
  "checkpoint_sha256": "72de4373dc0225e4f0ab030b591a2ad1357eae7c1e5b2d2a6d20586d9a071729",
  "exact_command": "C:\\Python310\\python.exe -m layercake.phase2_recertification profile-quality --input results/moonshot/phase2_recertification/architecture_search_10m_word_context_gated.json --candidate whitespace_complete_wordctx_gated_local2_core7 --output results/moonshot/phase2_recertification/quality_limiter_profile_10m_word_context_gated.json",
  "format": "layercake-phase2-quality-limiter-profile/1",
  "groups": {
    "local_context_depth": {
      "1": {
        "bits_per_byte": 2.82900232352002,
        "byte_accuracy": 0.4365234375,
        "bytes": 4096
      },
      "2": {
        "bits_per_byte": 2.3773311829884336,
        "byte_accuracy": 0.51904296875,
        "bytes": 4096
      },
      "3": {
        "bits_per_byte": 2.1737161769856823,
        "byte_accuracy": 0.5703125,
        "bytes": 4096
      },
      "4": {
        "bits_per_byte": 2.1375948005608705,
        "byte_accuracy": 0.55615234375,
        "bytes": 4096
      },
      "5": {
        "bits_per_byte": 2.1401189738042103,
        "byte_accuracy": 0.566162109375,
        "bytes": 4096
      },
      "6": {
        "bits_per_byte": 2.0929514473096615,
        "byte_accuracy": 0.56640625,
        "bytes": 4096
      },
      "7": {
        "bits_per_byte": 2.0891143423862615,
        "byte_accuracy": 0.574951171875,
        "bytes": 4096
      },
      "8_plus": {
        "bits_per_byte": 2.1116565730268717,
        "byte_accuracy": 0.5701768663194444,
        "bytes": 36864
      }
    },
    "local_position": {
      "0": {
        "bits_per_byte": 2.82900232352002,
        "byte_accuracy": 0.4365234375,
        "bytes": 4096
      },
      "1": {
        "bits_per_byte": 2.3773311829884336,
        "byte_accuracy": 0.51904296875,
        "bytes": 4096
      },
      "10": {
        "bits_per_byte": 2.1474807395445135,
        "byte_accuracy": 0.555419921875,
        "bytes": 4096
      },
      "11": {
        "bits_per_byte": 2.1064679776742232,
        "byte_accuracy": 0.5712890625,
        "bytes": 4096
      },
      "12": {
        "bits_per_byte": 2.1186168213822563,
        "byte_accuracy": 0.5673828125,
        "bytes": 4096
      },
      "13": {
        "bits_per_byte": 2.0664123368771894,
        "byte_accuracy": 0.572509765625,
        "bytes": 4096
      },
      "14": {
        "bits_per_byte": 2.1368234637462087,
        "byte_accuracy": 0.5732421875,
        "bytes": 4096
      },
      "15": {
        "bits_per_byte": 2.1283040236639117,
        "byte_accuracy": 0.57470703125,
        "bytes": 4096
      },
      "2": {
        "bits_per_byte": 2.1737161769856823,
        "byte_accuracy": 0.5703125,
        "bytes": 4096
      },
      "3": {
        "bits_per_byte": 2.1375948005608705,
        "byte_accuracy": 0.55615234375,
        "bytes": 4096
      },
      "4": {
        "bits_per_byte": 2.1401189738042103,
        "byte_accuracy": 0.566162109375,
        "bytes": 4096
      },
      "5": {
        "bits_per_byte": 2.0929514473096615,
        "byte_accuracy": 0.56640625,
        "bytes": 4096
      },
      "6": {
        "bits_per_byte": 2.0891143423862615,
        "byte_accuracy": 0.574951171875,
        "bytes": 4096
      },
      "7": {
        "bits_per_byte": 2.090071957909639,
        "byte_accuracy": 0.575927734375,
        "bytes": 4096
      },
      "8": {
        "bits_per_byte": 2.081612808495385,
        "byte_accuracy": 0.57568359375,
        "bytes": 4096
      },
      "9": {
        "bits_per_byte": 2.1291190279485193,
        "byte_accuracy": 0.5654296875,
        "bytes": 4096
      }
    },
    "patch_offset": {
      "0": {
        "bits_per_byte": 2.0851960742255478,
        "byte_accuracy": 0.5508393742846242,
        "bytes": 20968
      },
      "1": {
        "bits_per_byte": 2.2473129649212464,
        "byte_accuracy": 0.5477540340165722,
        "bytes": 18344
      },
      "2": {
        "bits_per_byte": 2.1833183713976547,
        "byte_accuracy": 0.5742648563826158,
        "bytes": 14657
      },
      "3": {
        "bits_per_byte": 2.2284128046729075,
        "byte_accuracy": 0.5641912336820265,
        "bytes": 11567
      }
    },
    "target_byte_class": {
      "ascii_digit": {
        "bits_per_byte": 4.03745238895831,
        "byte_accuracy": 0.23127035830618892,
        "bytes": 1535
      },
      "ascii_letter": {
        "bits_per_byte": 2.4827043633280708,
        "byte_accuracy": 0.48298098114439636,
        "bytes": 49004
      },
      "ascii_punctuation": {
        "bits_per_byte": 3.1125351202780336,
        "byte_accuracy": 0.4621811785400176,
        "bytes": 2274
      },
      "utf8_continuation": {
        "bits_per_byte": 2.0884299063747296,
        "byte_accuracy": 0.696969696969697,
        "bytes": 99
      },
      "utf8_lead": {
        "bits_per_byte": 7.702279388354109,
        "byte_accuracy": 0.0,
        "bytes": 53
      },
      "whitespace": {
        "bits_per_byte": 0.5704585802627855,
        "byte_accuracy": 0.9066900007954817,
        "bytes": 12571
      }
    },
    "transition_class": {
      "ascii_word_end": {
        "bits_per_byte": 0.6083780933479771,
        "byte_accuracy": 0.9023293012096371,
        "bytes": 10003
      },
      "ascii_word_start": {
        "bits_per_byte": 4.550704224032249,
        "byte_accuracy": 0.1801429866075924,
        "bytes": 9931
      },
      "inside_ascii_word": {
        "bits_per_byte": 1.9523765507194664,
        "byte_accuracy": 0.5602980855711165,
        "bytes": 38915
      },
      "other_transition": {
        "bits_per_byte": 2.2833628656632565,
        "byte_accuracy": 0.5875192604006163,
        "bytes": 6490
      },
      "utf8_transition": {
        "bits_per_byte": 3.2976666235396705,
        "byte_accuracy": 0.5532994923857868,
        "bytes": 197
      }
    }
  },
  "input_path": "results/moonshot/phase2_recertification/architecture_search_10m_word_context_gated.json",
  "input_sha256": "89e97489eca9f05aaf96d7a46738bf8ec9822c1d5be8221aa58bd7c3aae17fa4",
  "measured_bottleneck": {
    "highest_loss_local_position": 0,
    "highest_loss_local_position_bpb": 2.82900232352002,
    "highest_loss_transition": "ascii_word_start",
    "highest_loss_transition_bpb": 4.550704224032249
  },
  "overall": {
    "bits_per_byte": 2.1777961375354744,
    "byte_accuracy": 0.5575714111328125,
    "evaluated_bytes": 65536
  },
  "profile_sha256": "dac0b5281ffb6736db6383f3d31a657fbea9d606475155e476182cfcdd5f4d32",
  "status": "PASS",
  "test_accessed": false,
  "validation_data_sha256": "fdd0a46dc8028b25ad9b8bc1d47c6741c20766d0f3e787b41cebb2da2297eb10"
}
