{
  "candidate": "adaptive_top1_attention",
  "checkpoint_sha256": "14c8b59802cc17e56734bcaab2f0d781b6f6fe5d30fae3e0849f4865f5a61188",
  "exact_command": "C:\\Python310\\python.exe -m layercake.phase2_recertification profile-quality --input results/moonshot/phase2_recertification/architecture_search_10m.json --candidate adaptive_top1_attention --output results/moonshot/phase2_recertification/quality_limiter_profile_10m_prior_attention.json",
  "format": "layercake-phase2-quality-limiter-profile/1",
  "groups": {
    "local_context_depth": {
      "1": {
        "bits_per_byte": 2.7532129121975566,
        "byte_accuracy": 0.45263671875,
        "bytes": 2048
      },
      "2": {
        "bits_per_byte": 2.5051543699116094,
        "byte_accuracy": 0.49169921875,
        "bytes": 2048
      },
      "3": {
        "bits_per_byte": 2.223241193288138,
        "byte_accuracy": 0.54345703125,
        "bytes": 2048
      },
      "4": {
        "bits_per_byte": 2.2968934836974864,
        "byte_accuracy": 0.5263671875,
        "bytes": 2048
      },
      "5": {
        "bits_per_byte": 2.1697825038038228,
        "byte_accuracy": 0.56005859375,
        "bytes": 2048
      },
      "6": {
        "bits_per_byte": 2.1301532187471937,
        "byte_accuracy": 0.56884765625,
        "bytes": 2048
      },
      "7": {
        "bits_per_byte": 2.0995430156203647,
        "byte_accuracy": 0.57177734375,
        "bytes": 2048
      },
      "8_plus": {
        "bits_per_byte": 2.1426457626170325,
        "byte_accuracy": 0.5620659722222222,
        "bytes": 18432
      }
    },
    "local_position": {
      "0": {
        "bits_per_byte": 2.7532129121975566,
        "byte_accuracy": 0.45263671875,
        "bytes": 2048
      },
      "1": {
        "bits_per_byte": 2.5051543699116094,
        "byte_accuracy": 0.49169921875,
        "bytes": 2048
      },
      "10": {
        "bits_per_byte": 2.166700348973132,
        "byte_accuracy": 0.560546875,
        "bytes": 2048
      },
      "11": {
        "bits_per_byte": 2.132389165191061,
        "byte_accuracy": 0.56103515625,
        "bytes": 2048
      },
      "12": {
        "bits_per_byte": 2.2076086475063965,
        "byte_accuracy": 0.5439453125,
        "bytes": 2048
      },
      "13": {
        "bits_per_byte": 2.1452485659700495,
        "byte_accuracy": 0.56591796875,
        "bytes": 2048
      },
      "14": {
        "bits_per_byte": 2.0773819654162082,
        "byte_accuracy": 0.576171875,
        "bytes": 2048
      },
      "15": {
        "bits_per_byte": 2.213944531359845,
        "byte_accuracy": 0.546875,
        "bytes": 2048
      },
      "2": {
        "bits_per_byte": 2.223241193288138,
        "byte_accuracy": 0.54345703125,
        "bytes": 2048
      },
      "3": {
        "bits_per_byte": 2.2968934836974864,
        "byte_accuracy": 0.5263671875,
        "bytes": 2048
      },
      "4": {
        "bits_per_byte": 2.1697825038038228,
        "byte_accuracy": 0.56005859375,
        "bytes": 2048
      },
      "5": {
        "bits_per_byte": 2.1301532187471937,
        "byte_accuracy": 0.56884765625,
        "bytes": 2048
      },
      "6": {
        "bits_per_byte": 2.0995430156203647,
        "byte_accuracy": 0.57177734375,
        "bytes": 2048
      },
      "7": {
        "bits_per_byte": 2.133896711363946,
        "byte_accuracy": 0.564453125,
        "bytes": 2048
      },
      "8": {
        "bits_per_byte": 2.0844386285594227,
        "byte_accuracy": 0.56787109375,
        "bytes": 2048
      },
      "9": {
        "bits_per_byte": 2.1222032992132287,
        "byte_accuracy": 0.57177734375,
        "bytes": 2048
      }
    },
    "patch_offset": {
      "0": {
        "bits_per_byte": 2.2553029282464347,
        "byte_accuracy": 0.5309098377490244,
        "bytes": 9738
      },
      "1": {
        "bits_per_byte": 2.218109569792479,
        "byte_accuracy": 0.54888067364962,
        "bytes": 9738
      },
      "2": {
        "bits_per_byte": 2.175024197745592,
        "byte_accuracy": 0.5707192296117966,
        "bytes": 6646
      },
      "3": {
        "bits_per_byte": 2.198081561363818,
        "byte_accuracy": 0.550707192296118,
        "bytes": 6646
      }
    },
    "target_byte_class": {
      "ascii_digit": {
        "bits_per_byte": 4.117282863801357,
        "byte_accuracy": 0.21153846153846154,
        "bytes": 884
      },
      "ascii_letter": {
        "bits_per_byte": 2.509062868117909,
        "byte_accuracy": 0.47618656256420794,
        "bytes": 24335
      },
      "ascii_punctuation": {
        "bits_per_byte": 3.385568820997551,
        "byte_accuracy": 0.3754295532646048,
        "bytes": 1164
      },
      "utf8_continuation": {
        "bits_per_byte": 2.3131893677881656,
        "byte_accuracy": 0.6708860759493671,
        "bytes": 79
      },
      "utf8_lead": {
        "bits_per_byte": 7.176959948686397,
        "byte_accuracy": 0.04878048780487805,
        "bytes": 41
      },
      "whitespace": {
        "bits_per_byte": 0.5602918964782245,
        "byte_accuracy": 0.909976057462091,
        "bytes": 6265
      }
    },
    "transition_class": {
      "ascii_word_end": {
        "bits_per_byte": 0.6000567583728827,
        "byte_accuracy": 0.9053916581892166,
        "bytes": 4915
      },
      "ascii_word_start": {
        "bits_per_byte": 4.596321903304827,
        "byte_accuracy": 0.1863887185775598,
        "bytes": 4893
      },
      "inside_ascii_word": {
        "bits_per_byte": 1.9812600632845534,
        "byte_accuracy": 0.549086404459585,
        "bytes": 19374
      },
      "other_transition": {
        "bits_per_byte": 2.4185956761572327,
        "byte_accuracy": 0.5487911447713371,
        "bytes": 3433
      },
      "utf8_transition": {
        "bits_per_byte": 3.2594603957429684,
        "byte_accuracy": 0.5490196078431373,
        "bytes": 153
      }
    }
  },
  "input_path": "results/moonshot/phase2_recertification/architecture_search_10m.json",
  "input_sha256": "195e9a4d81ac15e8edea93d2d57b24dc9b309b055b9ad022dc6b02f93455dd89",
  "measured_bottleneck": {
    "highest_loss_local_position": 0,
    "highest_loss_local_position_bpb": 2.7532129121975566,
    "highest_loss_transition": "ascii_word_start",
    "highest_loss_transition_bpb": 4.596321903304827
  },
  "overall": {
    "bits_per_byte": 2.2163620269895294,
    "byte_accuracy": 0.54833984375,
    "evaluated_bytes": 32768
  },
  "profile_sha256": "7851ca5e4e6a6071d2d2a951283ac38ceca5b0fcc9f973ae021db7607e50962c",
  "status": "PASS",
  "test_accessed": false,
  "validation_data_sha256": "fdd0a46dc8028b25ad9b8bc1d47c6741c20766d0f3e787b41cebb2da2297eb10"
}
