{
  "candidate": "whitespace_complete_sliding16_local2_core7_100m",
  "checkpoint_sha256": "dae6a19fd0b6f86585b732aeb5637d4db84551566741f4a676d66b9d0ec9c9e8",
  "exact_command": "C:\\Python310\\python.exe -m layercake.phase2_recertification profile-quality --input results/moonshot/phase2_recertification/architecture_search_100m_sliding_local.json --candidate whitespace_complete_sliding16_local2_core7_100m --output results/moonshot/phase2_recertification/quality_limiter_profile_100m_sliding_local.json",
  "format": "layercake-phase2-quality-limiter-profile/1",
  "groups": {
    "local_context_depth": {
      "1": {
        "bits_per_byte": 1.8594580028616712,
        "byte_accuracy": 0.614013671875,
        "bytes": 4096
      },
      "2": {
        "bits_per_byte": 1.8019875815698359,
        "byte_accuracy": 0.629150390625,
        "bytes": 4096
      },
      "3": {
        "bits_per_byte": 1.7864225470402448,
        "byte_accuracy": 0.638916015625,
        "bytes": 4096
      },
      "4": {
        "bits_per_byte": 1.7242487012169507,
        "byte_accuracy": 0.64111328125,
        "bytes": 4096
      },
      "5": {
        "bits_per_byte": 1.7715093267574238,
        "byte_accuracy": 0.6396484375,
        "bytes": 4096
      },
      "6": {
        "bits_per_byte": 1.72280164187982,
        "byte_accuracy": 0.641845703125,
        "bytes": 4096
      },
      "7": {
        "bits_per_byte": 1.749506398477362,
        "byte_accuracy": 0.644775390625,
        "bytes": 4096
      },
      "8_plus": {
        "bits_per_byte": 1.743165376642219,
        "byte_accuracy": 0.6464301215277778,
        "bytes": 36864
      }
    },
    "local_position": {
      "0": {
        "bits_per_byte": 1.8594580028616712,
        "byte_accuracy": 0.614013671875,
        "bytes": 4096
      },
      "1": {
        "bits_per_byte": 1.8019875815698359,
        "byte_accuracy": 0.629150390625,
        "bytes": 4096
      },
      "10": {
        "bits_per_byte": 1.7698420624464655,
        "byte_accuracy": 0.640625,
        "bytes": 4096
      },
      "11": {
        "bits_per_byte": 1.7316633811819122,
        "byte_accuracy": 0.641845703125,
        "bytes": 4096
      },
      "12": {
        "bits_per_byte": 1.7224708278764276,
        "byte_accuracy": 0.649658203125,
        "bytes": 4096
      },
      "13": {
        "bits_per_byte": 1.707915938821137,
        "byte_accuracy": 0.652099609375,
        "bytes": 4096
      },
      "14": {
        "bits_per_byte": 1.7536873558388733,
        "byte_accuracy": 0.650390625,
        "bytes": 4096
      },
      "15": {
        "bits_per_byte": 1.7690656252713142,
        "byte_accuracy": 0.638916015625,
        "bytes": 4096
      },
      "2": {
        "bits_per_byte": 1.7864225470402448,
        "byte_accuracy": 0.638916015625,
        "bytes": 4096
      },
      "3": {
        "bits_per_byte": 1.7242487012169507,
        "byte_accuracy": 0.64111328125,
        "bytes": 4096
      },
      "4": {
        "bits_per_byte": 1.7715093267574238,
        "byte_accuracy": 0.6396484375,
        "bytes": 4096
      },
      "5": {
        "bits_per_byte": 1.72280164187982,
        "byte_accuracy": 0.641845703125,
        "bytes": 4096
      },
      "6": {
        "bits_per_byte": 1.749506398477362,
        "byte_accuracy": 0.644775390625,
        "bytes": 4096
      },
      "7": {
        "bits_per_byte": 1.7500860848126976,
        "byte_accuracy": 0.64404296875,
        "bytes": 4096
      },
      "8": {
        "bits_per_byte": 1.7152097149825418,
        "byte_accuracy": 0.65380859375,
        "bytes": 4096
      },
      "9": {
        "bits_per_byte": 1.7685473985486018,
        "byte_accuracy": 0.646484375,
        "bytes": 4096
      }
    },
    "patch_offset": {
      "0": {
        "bits_per_byte": 1.7417502464577561,
        "byte_accuracy": 0.6199923693246853,
        "bytes": 20968
      },
      "1": {
        "bits_per_byte": 1.8352373756245044,
        "byte_accuracy": 0.6284343654600959,
        "bytes": 18344
      },
      "2": {
        "bits_per_byte": 1.6418698946114407,
        "byte_accuracy": 0.6829501262195538,
        "bytes": 14657
      },
      "3": {
        "bits_per_byte": 1.8037706558297102,
        "byte_accuracy": 0.6498659980980375,
        "bytes": 11567
      }
    },
    "target_byte_class": {
      "ascii_digit": {
        "bits_per_byte": 3.6393237795968867,
        "byte_accuracy": 0.29185667752442995,
        "bytes": 1535
      },
      "ascii_letter": {
        "bits_per_byte": 2.010763593452394,
        "byte_accuracy": 0.5805852583462574,
        "bytes": 49004
      },
      "ascii_punctuation": {
        "bits_per_byte": 2.4782684137279882,
        "byte_accuracy": 0.5839929639401935,
        "bytes": 2274
      },
      "utf8_continuation": {
        "bits_per_byte": 1.5601392612013945,
        "byte_accuracy": 0.7575757575757576,
        "bytes": 99
      },
      "utf8_lead": {
        "bits_per_byte": 6.08427330013541,
        "byte_accuracy": 0.1509433962264151,
        "bytes": 53
      },
      "whitespace": {
        "bits_per_byte": 0.3883057800640816,
        "byte_accuracy": 0.9342932145414048,
        "bytes": 12571
      }
    },
    "transition_class": {
      "ascii_word_end": {
        "bits_per_byte": 0.39483035384476867,
        "byte_accuracy": 0.9360191942417275,
        "bytes": 10003
      },
      "ascii_word_start": {
        "bits_per_byte": 4.2270507822239844,
        "byte_accuracy": 0.22021951465109255,
        "bytes": 9931
      },
      "inside_ascii_word": {
        "bits_per_byte": 1.4456345883864292,
        "byte_accuracy": 0.6722600539637672,
        "bytes": 38915
      },
      "other_transition": {
        "bits_per_byte": 1.9138093201073543,
        "byte_accuracy": 0.6508474576271186,
        "bytes": 6490
      },
      "utf8_transition": {
        "bits_per_byte": 2.5882899328102766,
        "byte_accuracy": 0.6091370558375635,
        "bytes": 197
      }
    }
  },
  "input_path": "results/moonshot/phase2_recertification/architecture_search_100m_sliding_local.json",
  "input_sha256": "24fd1ecd640b8519e91c1d61b7ca40565295a2d1607ecb36cb1ca99549afc6ee",
  "measured_bottleneck": {
    "highest_loss_local_position": 0,
    "highest_loss_local_position_bpb": 1.8594580028616712,
    "highest_loss_transition": "ascii_word_start",
    "highest_loss_transition_bpb": 4.2270507822239844
  },
  "overall": {
    "bits_per_byte": 1.7565264078181115,
    "byte_accuracy": 0.6417083740234375,
    "evaluated_bytes": 65536
  },
  "profile_sha256": "110f823519a43ea5b98ee07e0070c8694da946819b2bde327f77f0ba500cea5f",
  "status": "PASS",
  "test_accessed": false,
  "validation_data_sha256": "fdd0a46dc8028b25ad9b8bc1d47c6741c20766d0f3e787b41cebb2da2297eb10"
}
