{
  "candidate": "adaptive_top1_attention_local5",
  "checkpoint_sha256": "47e7a6d286f8530e47c863db632ae2ba99e05ce4ca89022b7a0bf6001629fbed",
  "exact_command": "C:\\Python310\\python.exe -m layercake.phase2_recertification profile-quality --input results/moonshot/phase2_recertification/architecture_search_100m.json --candidate adaptive_top1_attention_local5 --output results/moonshot/phase2_recertification/quality_limiter_profile_prior_local5.json",
  "format": "layercake-phase2-quality-limiter-profile/1",
  "groups": {
    "local_context_depth": {
      "1": {
        "bits_per_byte": 2.1098513278711533,
        "byte_accuracy": 0.568115234375,
        "bytes": 4096
      },
      "2": {
        "bits_per_byte": 2.010914008396051,
        "byte_accuracy": 0.5869140625,
        "bytes": 4096
      },
      "3": {
        "bits_per_byte": 1.8845156278673219,
        "byte_accuracy": 0.61572265625,
        "bytes": 4096
      },
      "4": {
        "bits_per_byte": 1.8392074756792025,
        "byte_accuracy": 0.6123046875,
        "bytes": 4096
      },
      "5": {
        "bits_per_byte": 1.8351794377665978,
        "byte_accuracy": 0.618896484375,
        "bytes": 4096
      },
      "6": {
        "bits_per_byte": 1.8123250529416324,
        "byte_accuracy": 0.620361328125,
        "bytes": 4096
      },
      "7": {
        "bits_per_byte": 1.805102171253588,
        "byte_accuracy": 0.623291015625,
        "bytes": 4096
      },
      "8_plus": {
        "bits_per_byte": 1.8152465738863504,
        "byte_accuracy": 0.6262478298611112,
        "bytes": 36864
      }
    },
    "local_position": {
      "0": {
        "bits_per_byte": 2.1098513278711533,
        "byte_accuracy": 0.568115234375,
        "bytes": 4096
      },
      "1": {
        "bits_per_byte": 2.010914008396051,
        "byte_accuracy": 0.5869140625,
        "bytes": 4096
      },
      "10": {
        "bits_per_byte": 1.8281935347352976,
        "byte_accuracy": 0.6240234375,
        "bytes": 4096
      },
      "11": {
        "bits_per_byte": 1.8135084924345086,
        "byte_accuracy": 0.625732421875,
        "bytes": 4096
      },
      "12": {
        "bits_per_byte": 1.8082428700535238,
        "byte_accuracy": 0.626220703125,
        "bytes": 4096
      },
      "13": {
        "bits_per_byte": 1.768584111470103,
        "byte_accuracy": 0.625244140625,
        "bytes": 4096
      },
      "14": {
        "bits_per_byte": 1.8226031661138211,
        "byte_accuracy": 0.63330078125,
        "bytes": 4096
      },
      "15": {
        "bits_per_byte": 1.8571052291405186,
        "byte_accuracy": 0.617431640625,
        "bytes": 4096
      },
      "2": {
        "bits_per_byte": 1.8845156278673219,
        "byte_accuracy": 0.61572265625,
        "bytes": 4096
      },
      "3": {
        "bits_per_byte": 1.8392074756792025,
        "byte_accuracy": 0.6123046875,
        "bytes": 4096
      },
      "4": {
        "bits_per_byte": 1.8351794377665978,
        "byte_accuracy": 0.618896484375,
        "bytes": 4096
      },
      "5": {
        "bits_per_byte": 1.8123250529416324,
        "byte_accuracy": 0.620361328125,
        "bytes": 4096
      },
      "6": {
        "bits_per_byte": 1.805102171253588,
        "byte_accuracy": 0.623291015625,
        "bytes": 4096
      },
      "7": {
        "bits_per_byte": 1.8198221314069596,
        "byte_accuracy": 0.61865234375,
        "bytes": 4096
      },
      "8": {
        "bits_per_byte": 1.7994877626821955,
        "byte_accuracy": 0.638916015625,
        "bytes": 4096
      },
      "9": {
        "bits_per_byte": 1.819671866940226,
        "byte_accuracy": 0.626708984375,
        "bytes": 4096
      }
    },
    "patch_offset": {
      "0": {
        "bits_per_byte": 1.8725997553126559,
        "byte_accuracy": 0.607705330118504,
        "bytes": 19493
      },
      "1": {
        "bits_per_byte": 1.869170132043386,
        "byte_accuracy": 0.6112963627969015,
        "bytes": 19493
      },
      "2": {
        "bits_per_byte": 1.8455639045513785,
        "byte_accuracy": 0.6345009416195857,
        "bytes": 13275
      },
      "3": {
        "bits_per_byte": 1.8036888541006186,
        "byte_accuracy": 0.6245574387947269,
        "bytes": 13275
      }
    },
    "target_byte_class": {
      "ascii_digit": {
        "bits_per_byte": 3.789679083505133,
        "byte_accuracy": 0.2762214983713355,
        "bytes": 1535
      },
      "ascii_letter": {
        "bits_per_byte": 2.114477758261348,
        "byte_accuracy": 0.5538323402171251,
        "bytes": 49004
      },
      "ascii_punctuation": {
        "bits_per_byte": 2.7083511833325593,
        "byte_accuracy": 0.5228671943711521,
        "bytes": 2274
      },
      "utf8_continuation": {
        "bits_per_byte": 1.8552062478213283,
        "byte_accuracy": 0.6666666666666666,
        "bytes": 99
      },
      "utf8_lead": {
        "bits_per_byte": 6.449776936755635,
        "byte_accuracy": 0.03773584905660377,
        "bytes": 53
      },
      "whitespace": {
        "bits_per_byte": 0.4186485610348772,
        "byte_accuracy": 0.927133879564076,
        "bytes": 12571
      }
    },
    "transition_class": {
      "ascii_word_end": {
        "bits_per_byte": 0.43578560269932154,
        "byte_accuracy": 0.9260221933419974,
        "bytes": 10003
      },
      "ascii_word_start": {
        "bits_per_byte": 4.3553080923342575,
        "byte_accuracy": 0.2059208538918538,
        "bytes": 9931
      },
      "inside_ascii_word": {
        "bits_per_byte": 1.5428544365230552,
        "byte_accuracy": 0.6423487087241424,
        "bytes": 38915
      },
      "other_transition": {
        "bits_per_byte": 2.0316253574321776,
        "byte_accuracy": 0.6258859784283514,
        "bytes": 6490
      },
      "utf8_transition": {
        "bits_per_byte": 2.7664672529647643,
        "byte_accuracy": 0.5532994923857868,
        "bytes": 197
      }
    }
  },
  "input_path": "results/moonshot/phase2_recertification/architecture_search_100m.json",
  "input_sha256": "01e77580e19afca11c0f962e92304912c3e8c54d1685613cc1df4a5450e674ff",
  "measured_bottleneck": {
    "highest_loss_local_position": 0,
    "highest_loss_local_position_bpb": 2.1098513278711533,
    "highest_loss_transition": "ascii_word_start",
    "highest_loss_transition_bpb": 4.3553080923342575
  },
  "overall": {
    "bits_per_byte": 1.8521446556120438,
    "byte_accuracy": 0.61761474609375,
    "evaluated_bytes": 65536
  },
  "profile_sha256": "60c80bbb76b6f9f7a510caa3adef5b52d92e0ab2de9946f2138b3deb28edb154",
  "status": "PASS",
  "test_accessed": false,
  "validation_data_sha256": "fdd0a46dc8028b25ad9b8bc1d47c6741c20766d0f3e787b41cebb2da2297eb10"
}
