{
  "candidate": "whitespace_complete_sliding16_local2_core7_cosine_100m",
  "checkpoint_sha256": "9bdbfa0d984b0185a0cb7f465acf21787a404e15b6345fabf7282e6748ccd132",
  "exact_command": "C:\\Python310\\python.exe -m layercake.phase2_recertification profile-quality --input results/moonshot/phase2_recertification/architecture_search_100m_sliding_cosine.json --candidate whitespace_complete_sliding16_local2_core7_cosine_100m --output results/moonshot/phase2_recertification/quality_limiter_profile_100m_sliding_cosine.json",
  "format": "layercake-phase2-quality-limiter-profile/1",
  "groups": {
    "local_context_depth": {
      "1": {
        "bits_per_byte": 1.7997665734315333,
        "byte_accuracy": 0.626220703125,
        "bytes": 4096
      },
      "2": {
        "bits_per_byte": 1.754965982354544,
        "byte_accuracy": 0.642333984375,
        "bytes": 4096
      },
      "3": {
        "bits_per_byte": 1.714734051278689,
        "byte_accuracy": 0.65478515625,
        "bytes": 4096
      },
      "4": {
        "bits_per_byte": 1.6577252152983961,
        "byte_accuracy": 0.655517578125,
        "bytes": 4096
      },
      "5": {
        "bits_per_byte": 1.692418963738396,
        "byte_accuracy": 0.6572265625,
        "bytes": 4096
      },
      "6": {
        "bits_per_byte": 1.6612192255822407,
        "byte_accuracy": 0.65771484375,
        "bytes": 4096
      },
      "7": {
        "bits_per_byte": 1.6821493932669431,
        "byte_accuracy": 0.660888671875,
        "bytes": 4096
      },
      "8_plus": {
        "bits_per_byte": 1.6782341649258075,
        "byte_accuracy": 0.65771484375,
        "bytes": 36864
      }
    },
    "local_position": {
      "0": {
        "bits_per_byte": 1.7997665734315333,
        "byte_accuracy": 0.626220703125,
        "bytes": 4096
      },
      "1": {
        "bits_per_byte": 1.754965982354544,
        "byte_accuracy": 0.642333984375,
        "bytes": 4096
      },
      "10": {
        "bits_per_byte": 1.7028387529936906,
        "byte_accuracy": 0.646484375,
        "bytes": 4096
      },
      "11": {
        "bits_per_byte": 1.668167029081917,
        "byte_accuracy": 0.6552734375,
        "bytes": 4096
      },
      "12": {
        "bits_per_byte": 1.6694804767099298,
        "byte_accuracy": 0.660888671875,
        "bytes": 4096
      },
      "13": {
        "bits_per_byte": 1.6291124240531458,
        "byte_accuracy": 0.667236328125,
        "bytes": 4096
      },
      "14": {
        "bits_per_byte": 1.6874745888258493,
        "byte_accuracy": 0.6611328125,
        "bytes": 4096
      },
      "15": {
        "bits_per_byte": 1.7063368424910352,
        "byte_accuracy": 0.654052734375,
        "bytes": 4096
      },
      "2": {
        "bits_per_byte": 1.714734051278689,
        "byte_accuracy": 0.65478515625,
        "bytes": 4096
      },
      "3": {
        "bits_per_byte": 1.6577252152983961,
        "byte_accuracy": 0.655517578125,
        "bytes": 4096
      },
      "4": {
        "bits_per_byte": 1.692418963738396,
        "byte_accuracy": 0.6572265625,
        "bytes": 4096
      },
      "5": {
        "bits_per_byte": 1.6612192255822407,
        "byte_accuracy": 0.65771484375,
        "bytes": 4096
      },
      "6": {
        "bits_per_byte": 1.6821493932669431,
        "byte_accuracy": 0.660888671875,
        "bytes": 4096
      },
      "7": {
        "bits_per_byte": 1.6916480676292769,
        "byte_accuracy": 0.655029296875,
        "bytes": 4096
      },
      "8": {
        "bits_per_byte": 1.6555865035457604,
        "byte_accuracy": 0.6650390625,
        "bytes": 4096
      },
      "9": {
        "bits_per_byte": 1.693462799001663,
        "byte_accuracy": 0.654296875,
        "bytes": 4096
      }
    },
    "patch_offset": {
      "0": {
        "bits_per_byte": 1.6790786923614587,
        "byte_accuracy": 0.6325829835940481,
        "bytes": 20968
      },
      "1": {
        "bits_per_byte": 1.771829410842076,
        "byte_accuracy": 0.6396096816397733,
        "bytes": 18344
      },
      "2": {
        "bits_per_byte": 1.5815876028579816,
        "byte_accuracy": 0.6926383298082828,
        "bytes": 14657
      },
      "3": {
        "bits_per_byte": 1.72699039609607,
        "byte_accuracy": 0.6702688683323247,
        "bytes": 11567
      }
    },
    "target_byte_class": {
      "ascii_digit": {
        "bits_per_byte": 3.503655653349062,
        "byte_accuracy": 0.3042345276872964,
        "bytes": 1535
      },
      "ascii_letter": {
        "bits_per_byte": 1.9378697978159707,
        "byte_accuracy": 0.5954411884744103,
        "bytes": 49004
      },
      "ascii_punctuation": {
        "bits_per_byte": 2.4424817482422823,
        "byte_accuracy": 0.5949868073878628,
        "bytes": 2274
      },
      "utf8_continuation": {
        "bits_per_byte": 1.5707814011692371,
        "byte_accuracy": 0.7070707070707071,
        "bytes": 99
      },
      "utf8_lead": {
        "bits_per_byte": 5.923223287852029,
        "byte_accuracy": 0.16981132075471697,
        "bytes": 53
      },
      "whitespace": {
        "bits_per_byte": 0.35809912212332207,
        "byte_accuracy": 0.9405775196881712,
        "bytes": 12571
      }
    },
    "transition_class": {
      "ascii_word_end": {
        "bits_per_byte": 0.3705556809435604,
        "byte_accuracy": 0.9413176047185844,
        "bytes": 10003
      },
      "ascii_word_start": {
        "bits_per_byte": 4.184101067536952,
        "byte_accuracy": 0.2299869096767697,
        "bytes": 9931
      },
      "inside_ascii_word": {
        "bits_per_byte": 1.3651094496803564,
        "byte_accuracy": 0.6883977900552486,
        "bytes": 38915
      },
      "other_transition": {
        "bits_per_byte": 1.847818685099477,
        "byte_accuracy": 0.661633281972265,
        "bytes": 6490
      },
      "utf8_transition": {
        "bits_per_byte": 2.498654552544562,
        "byte_accuracy": 0.6040609137055838,
        "bytes": 197
      }
    }
  },
  "input_path": "results/moonshot/phase2_recertification/architecture_search_100m_sliding_cosine.json",
  "input_sha256": "fd506cd687352014ed9302b2c30175cef96e78dd5aef6b38a32e4c4db1d3cc3a",
  "measured_bottleneck": {
    "highest_loss_local_position": 0,
    "highest_loss_local_position_bpb": 1.7997665734315333,
    "highest_loss_transition": "ascii_word_start",
    "highest_loss_transition_bpb": 4.184101067536952
  },
  "overall": {
    "bits_per_byte": 1.6916929362905495,
    "byte_accuracy": 0.654632568359375,
    "evaluated_bytes": 65536
  },
  "profile_sha256": "6df389f11103cd5f7721948d182b0e0723011cb0077e3c46ae220268cebb95f4",
  "status": "PASS",
  "test_accessed": false,
  "validation_data_sha256": "fdd0a46dc8028b25ad9b8bc1d47c6741c20766d0f3e787b41cebb2da2297eb10"
}
