{
  "candidate": "whitespace_complete_wordrnn_local2_core7",
  "checkpoint_sha256": "d713fe1a601367ac3325be508da36f96a69e2a6e7a73a99cf11bfcc2ce80449b",
  "exact_command": "C:\\Python310\\python.exe -m layercake.phase2_recertification profile-quality --input results/moonshot/phase2_recertification/architecture_search_10m_word_recurrent.json --candidate whitespace_complete_wordrnn_local2_core7 --output results/moonshot/phase2_recertification/quality_limiter_profile_10m_word_recurrent.json",
  "format": "layercake-phase2-quality-limiter-profile/1",
  "groups": {
    "local_context_depth": {
      "1": {
        "bits_per_byte": 2.812165436978865,
        "byte_accuracy": 0.44873046875,
        "bytes": 4096
      },
      "2": {
        "bits_per_byte": 2.4057028115615116,
        "byte_accuracy": 0.514892578125,
        "bytes": 4096
      },
      "3": {
        "bits_per_byte": 2.1645527962373503,
        "byte_accuracy": 0.56591796875,
        "bytes": 4096
      },
      "4": {
        "bits_per_byte": 2.129928469669263,
        "byte_accuracy": 0.557373046875,
        "bytes": 4096
      },
      "5": {
        "bits_per_byte": 2.1326578719596605,
        "byte_accuracy": 0.564208984375,
        "bytes": 4096
      },
      "6": {
        "bits_per_byte": 2.0764771055709828,
        "byte_accuracy": 0.572021484375,
        "bytes": 4096
      },
      "7": {
        "bits_per_byte": 2.0922113898396253,
        "byte_accuracy": 0.576171875,
        "bytes": 4096
      },
      "8_plus": {
        "bits_per_byte": 2.1124522573298705,
        "byte_accuracy": 0.5715060763888888,
        "bytes": 36864
      }
    },
    "local_position": {
      "0": {
        "bits_per_byte": 2.812165436978865,
        "byte_accuracy": 0.44873046875,
        "bytes": 4096
      },
      "1": {
        "bits_per_byte": 2.4057028115615116,
        "byte_accuracy": 0.514892578125,
        "bytes": 4096
      },
      "10": {
        "bits_per_byte": 2.1371356445042715,
        "byte_accuracy": 0.564697265625,
        "bytes": 4096
      },
      "11": {
        "bits_per_byte": 2.09469843632821,
        "byte_accuracy": 0.57763671875,
        "bytes": 4096
      },
      "12": {
        "bits_per_byte": 2.1342074786395973,
        "byte_accuracy": 0.567138671875,
        "bytes": 4096
      },
      "13": {
        "bits_per_byte": 2.0764623526842136,
        "byte_accuracy": 0.5751953125,
        "bytes": 4096
      },
      "14": {
        "bits_per_byte": 2.117097435278751,
        "byte_accuracy": 0.570068359375,
        "bytes": 4096
      },
      "15": {
        "bits_per_byte": 2.126648325186224,
        "byte_accuracy": 0.5751953125,
        "bytes": 4096
      },
      "2": {
        "bits_per_byte": 2.1645527962373503,
        "byte_accuracy": 0.56591796875,
        "bytes": 4096
      },
      "3": {
        "bits_per_byte": 2.129928469669263,
        "byte_accuracy": 0.557373046875,
        "bytes": 4096
      },
      "4": {
        "bits_per_byte": 2.1326578719596605,
        "byte_accuracy": 0.564208984375,
        "bytes": 4096
      },
      "5": {
        "bits_per_byte": 2.0764771055709828,
        "byte_accuracy": 0.572021484375,
        "bytes": 4096
      },
      "6": {
        "bits_per_byte": 2.0922113898396253,
        "byte_accuracy": 0.576171875,
        "bytes": 4096
      },
      "7": {
        "bits_per_byte": 2.10032173156564,
        "byte_accuracy": 0.56640625,
        "bytes": 4096
      },
      "8": {
        "bits_per_byte": 2.082061790703294,
        "byte_accuracy": 0.577880859375,
        "bytes": 4096
      },
      "9": {
        "bits_per_byte": 2.143437121078632,
        "byte_accuracy": 0.5693359375,
        "bytes": 4096
      }
    },
    "patch_offset": {
      "0": {
        "bits_per_byte": 2.100271048984636,
        "byte_accuracy": 0.5500763067531477,
        "bytes": 20968
      },
      "1": {
        "bits_per_byte": 2.2461750743007625,
        "byte_accuracy": 0.5455734845180985,
        "bytes": 18344
      },
      "2": {
        "bits_per_byte": 2.172364866321258,
        "byte_accuracy": 0.5784949171044552,
        "bytes": 14657
      },
      "3": {
        "bits_per_byte": 2.2100516493716325,
        "byte_accuracy": 0.5713668194000173,
        "bytes": 11567
      }
    },
    "target_byte_class": {
      "ascii_digit": {
        "bits_per_byte": 4.07889686720731,
        "byte_accuracy": 0.2293159609120521,
        "bytes": 1535
      },
      "ascii_letter": {
        "bits_per_byte": 2.4702541273216605,
        "byte_accuracy": 0.48683780915843605,
        "bytes": 49004
      },
      "ascii_punctuation": {
        "bits_per_byte": 3.3546632897414685,
        "byte_accuracy": 0.4239226033421284,
        "bytes": 2274
      },
      "utf8_continuation": {
        "bits_per_byte": 2.0309004432434183,
        "byte_accuracy": 0.6868686868686869,
        "bytes": 99
      },
      "utf8_lead": {
        "bits_per_byte": 7.5729019152206964,
        "byte_accuracy": 0.018867924528301886,
        "bytes": 53
      },
      "whitespace": {
        "bits_per_byte": 0.5649486412739655,
        "byte_accuracy": 0.905894519131334,
        "bytes": 12571
      }
    },
    "transition_class": {
      "ascii_word_end": {
        "bits_per_byte": 0.6049826367944265,
        "byte_accuracy": 0.9041287613715885,
        "bytes": 10003
      },
      "ascii_word_start": {
        "bits_per_byte": 4.52460067421704,
        "byte_accuracy": 0.18356660960628335,
        "bytes": 9931
      },
      "inside_ascii_word": {
        "bits_per_byte": 1.9435505836886,
        "byte_accuracy": 0.5639727611460876,
        "bytes": 38915
      },
      "other_transition": {
        "bits_per_byte": 2.3711591836239934,
        "byte_accuracy": 0.5710323574730355,
        "bytes": 6490
      },
      "utf8_transition": {
        "bits_per_byte": 3.2426109332236694,
        "byte_accuracy": 0.5583756345177665,
        "bytes": 197
      }
    }
  },
  "input_path": "results/moonshot/phase2_recertification/architecture_search_10m_word_recurrent.json",
  "input_sha256": "29d90795e4cc5cbf1496cc14af1ecd6f817d329ca4c37052dcb0f5ade573e823",
  "measured_bottleneck": {
    "highest_loss_local_position": 0,
    "highest_loss_local_position_bpb": 2.812165436978865,
    "highest_loss_transition": "ascii_word_start",
    "highest_loss_transition_bpb": 4.52460067421704
  },
  "overall": {
    "bits_per_byte": 2.176610392400185,
    "byte_accuracy": 0.558929443359375,
    "evaluated_bytes": 65536
  },
  "profile_sha256": "b628060050405b56480a11a0c3c038b2cffc755f4d67771893a2d7882a7f0a9b",
  "status": "PASS",
  "test_accessed": false,
  "validation_data_sha256": "fdd0a46dc8028b25ad9b8bc1d47c6741c20766d0f3e787b41cebb2da2297eb10"
}
