{
  "candidate": "whitespace_complete_sliding16_local3_core7",
  "checkpoint_sha256": "2d6d711b4e4ae04dfc41440f87b4ee993074ad6bdfbc834eb86b2cc657a20fba",
  "exact_command": "C:\\Python310\\python.exe -m layercake.phase2_recertification profile-quality --input results/moonshot/phase2_recertification/architecture_search_10m_sliding_local3.json --candidate whitespace_complete_sliding16_local3_core7 --output results/moonshot/phase2_recertification/quality_limiter_profile_10m_sliding_local3.json",
  "format": "layercake-phase2-quality-limiter-profile/1",
  "groups": {
    "local_context_depth": {
      "1": {
        "bits_per_byte": 2.1429996294615843,
        "byte_accuracy": 0.56103515625,
        "bytes": 4096
      },
      "2": {
        "bits_per_byte": 2.1586888596501583,
        "byte_accuracy": 0.564208984375,
        "bytes": 4096
      },
      "3": {
        "bits_per_byte": 2.0758208788943264,
        "byte_accuracy": 0.58154296875,
        "bytes": 4096
      },
      "4": {
        "bits_per_byte": 2.0793602227300467,
        "byte_accuracy": 0.569580078125,
        "bytes": 4096
      },
      "5": {
        "bits_per_byte": 2.094406517276202,
        "byte_accuracy": 0.572509765625,
        "bytes": 4096
      },
      "6": {
        "bits_per_byte": 2.0415490522670137,
        "byte_accuracy": 0.579833984375,
        "bytes": 4096
      },
      "7": {
        "bits_per_byte": 2.053083676060864,
        "byte_accuracy": 0.58447265625,
        "bytes": 4096
      },
      "8_plus": {
        "bits_per_byte": 2.06702409469252,
        "byte_accuracy": 0.5838758680555556,
        "bytes": 36864
      }
    },
    "local_position": {
      "0": {
        "bits_per_byte": 2.1429996294615843,
        "byte_accuracy": 0.56103515625,
        "bytes": 4096
      },
      "1": {
        "bits_per_byte": 2.1586888596501583,
        "byte_accuracy": 0.564208984375,
        "bytes": 4096
      },
      "10": {
        "bits_per_byte": 2.07980155708445,
        "byte_accuracy": 0.572265625,
        "bytes": 4096
      },
      "11": {
        "bits_per_byte": 2.057282820587704,
        "byte_accuracy": 0.59326171875,
        "bytes": 4096
      },
      "12": {
        "bits_per_byte": 2.0793039414075523,
        "byte_accuracy": 0.5791015625,
        "bytes": 4096
      },
      "13": {
        "bits_per_byte": 2.0169246300610553,
        "byte_accuracy": 0.589111328125,
        "bytes": 4096
      },
      "14": {
        "bits_per_byte": 2.0752415768327266,
        "byte_accuracy": 0.585693359375,
        "bytes": 4096
      },
      "15": {
        "bits_per_byte": 2.0731776345375534,
        "byte_accuracy": 0.5830078125,
        "bytes": 4096
      },
      "2": {
        "bits_per_byte": 2.0758208788943264,
        "byte_accuracy": 0.58154296875,
        "bytes": 4096
      },
      "3": {
        "bits_per_byte": 2.0793602227300467,
        "byte_accuracy": 0.569580078125,
        "bytes": 4096
      },
      "4": {
        "bits_per_byte": 2.094406517276202,
        "byte_accuracy": 0.572509765625,
        "bytes": 4096
      },
      "5": {
        "bits_per_byte": 2.0415490522670137,
        "byte_accuracy": 0.579833984375,
        "bytes": 4096
      },
      "6": {
        "bits_per_byte": 2.053083676060864,
        "byte_accuracy": 0.58447265625,
        "bytes": 4096
      },
      "7": {
        "bits_per_byte": 2.0623085137345902,
        "byte_accuracy": 0.582763671875,
        "bytes": 4096
      },
      "8": {
        "bits_per_byte": 2.061575120592275,
        "byte_accuracy": 0.5869140625,
        "bytes": 4096
      },
      "9": {
        "bits_per_byte": 2.097601057394774,
        "byte_accuracy": 0.582763671875,
        "bytes": 4096
      }
    },
    "patch_offset": {
      "0": {
        "bits_per_byte": 2.039338806027366,
        "byte_accuracy": 0.5585177413201068,
        "bytes": 20968
      },
      "1": {
        "bits_per_byte": 2.1475336381133974,
        "byte_accuracy": 0.5645987788922808,
        "bytes": 18344
      },
      "2": {
        "bits_per_byte": 1.9781358841573964,
        "byte_accuracy": 0.6221600600395716,
        "bytes": 14657
      },
      "3": {
        "bits_per_byte": 2.1647504698174935,
        "byte_accuracy": 0.585717990835999,
        "bytes": 11567
      }
    },
    "target_byte_class": {
      "ascii_digit": {
        "bits_per_byte": 3.9117203621638823,
        "byte_accuracy": 0.24820846905537458,
        "bytes": 1535
      },
      "ascii_letter": {
        "bits_per_byte": 2.3746166673820888,
        "byte_accuracy": 0.5069790221206432,
        "bytes": 49004
      },
      "ascii_punctuation": {
        "bits_per_byte": 3.201161739045069,
        "byte_accuracy": 0.45118733509234826,
        "bytes": 2274
      },
      "utf8_continuation": {
        "bits_per_byte": 2.050298905834367,
        "byte_accuracy": 0.6161616161616161,
        "bytes": 99
      },
      "utf8_lead": {
        "bits_per_byte": 7.267265095400513,
        "byte_accuracy": 0.018867924528301886,
        "bytes": 53
      },
      "whitespace": {
        "bits_per_byte": 0.4733614130542897,
        "byte_accuracy": 0.9266565905655875,
        "bytes": 12571
      }
    },
    "transition_class": {
      "ascii_word_end": {
        "bits_per_byte": 0.49932055422778465,
        "byte_accuracy": 0.9264220733779867,
        "bytes": 10003
      },
      "ascii_word_start": {
        "bits_per_byte": 4.528633866360807,
        "byte_accuracy": 0.18749370657537007,
        "bytes": 9931
      },
      "inside_ascii_word": {
        "bits_per_byte": 1.8224987532701133,
        "byte_accuracy": 0.5882564563792881,
        "bytes": 38915
      },
      "other_transition": {
        "bits_per_byte": 2.260700751720518,
        "byte_accuracy": 0.5916795069337443,
        "bytes": 6490
      },
      "utf8_transition": {
        "bits_per_byte": 3.1744490334930617,
        "byte_accuracy": 0.5126903553299492,
        "bytes": 197
      }
    }
  },
  "input_path": "results/moonshot/phase2_recertification/architecture_search_10m_sliding_local3.json",
  "input_sha256": "e25775e2f512bdee8bf2667bee275a0bcef208d836dabb2dacb75ff63ecbea60",
  "measured_bottleneck": {
    "highest_loss_local_position": 1,
    "highest_loss_local_position_bpb": 2.1586888596501583,
    "highest_loss_transition": "ascii_word_start",
    "highest_loss_transition_bpb": 4.528633866360807
  },
  "overall": {
    "bits_per_byte": 2.0780703367252022,
    "byte_accuracy": 0.579254150390625,
    "evaluated_bytes": 65536
  },
  "profile_sha256": "ed6c609f56b8ed343c227a63dc5d1e0d7a33c984a082df458bf2e0910aaa4fe8",
  "status": "PASS",
  "test_accessed": false,
  "validation_data_sha256": "fdd0a46dc8028b25ad9b8bc1d47c6741c20766d0f3e787b41cebb2da2297eb10"
}
