{
  "candidate": "whitespace_complete_wordctx_gated_local2_core7_100m",
  "checkpoint_sha256": "758fcf3c2d2fda1e028d055729e4dfd610d6dd1f2168bcf87a838f0a082dcb30",
  "exact_command": "C:\\Python310\\python.exe -m layercake.phase2_recertification profile-quality --input results/moonshot/phase2_recertification/architecture_search_100m_word_context_gated.json --candidate whitespace_complete_wordctx_gated_local2_core7_100m --output results/moonshot/phase2_recertification/quality_limiter_profile_100m_word_context_gated.json",
  "format": "layercake-phase2-quality-limiter-profile/1",
  "groups": {
    "local_context_depth": {
      "1": {
        "bits_per_byte": 2.45989865630863,
        "byte_accuracy": 0.504638671875,
        "bytes": 4096
      },
      "2": {
        "bits_per_byte": 2.0012751117414567,
        "byte_accuracy": 0.59619140625,
        "bytes": 4096
      },
      "3": {
        "bits_per_byte": 1.7962432911630661,
        "byte_accuracy": 0.6337890625,
        "bytes": 4096
      },
      "4": {
        "bits_per_byte": 1.7499502695758655,
        "byte_accuracy": 0.637939453125,
        "bytes": 4096
      },
      "5": {
        "bits_per_byte": 1.7625855500884906,
        "byte_accuracy": 0.646728515625,
        "bytes": 4096
      },
      "6": {
        "bits_per_byte": 1.7383176774772886,
        "byte_accuracy": 0.645263671875,
        "bytes": 4096
      },
      "7": {
        "bits_per_byte": 1.7455387909687041,
        "byte_accuracy": 0.641357421875,
        "bytes": 4096
      },
      "8_plus": {
        "bits_per_byte": 1.7446846704841978,
        "byte_accuracy": 0.6415744357638888,
        "bytes": 36864
      }
    },
    "local_position": {
      "0": {
        "bits_per_byte": 2.45989865630863,
        "byte_accuracy": 0.504638671875,
        "bytes": 4096
      },
      "1": {
        "bits_per_byte": 2.0012751117414567,
        "byte_accuracy": 0.59619140625,
        "bytes": 4096
      },
      "10": {
        "bits_per_byte": 1.759620961523038,
        "byte_accuracy": 0.636962890625,
        "bytes": 4096
      },
      "11": {
        "bits_per_byte": 1.7455750604974338,
        "byte_accuracy": 0.638671875,
        "bytes": 4096
      },
      "12": {
        "bits_per_byte": 1.744154150584921,
        "byte_accuracy": 0.6484375,
        "bytes": 4096
      },
      "13": {
        "bits_per_byte": 1.6993305890751258,
        "byte_accuracy": 0.64892578125,
        "bytes": 4096
      },
      "14": {
        "bits_per_byte": 1.769859120975648,
        "byte_accuracy": 0.64208984375,
        "bytes": 4096
      },
      "15": {
        "bits_per_byte": 1.7520652262248508,
        "byte_accuracy": 0.642333984375,
        "bytes": 4096
      },
      "2": {
        "bits_per_byte": 1.7962432911630661,
        "byte_accuracy": 0.6337890625,
        "bytes": 4096
      },
      "3": {
        "bits_per_byte": 1.7499502695758655,
        "byte_accuracy": 0.637939453125,
        "bytes": 4096
      },
      "4": {
        "bits_per_byte": 1.7625855500884906,
        "byte_accuracy": 0.646728515625,
        "bytes": 4096
      },
      "5": {
        "bits_per_byte": 1.7383176774772886,
        "byte_accuracy": 0.645263671875,
        "bytes": 4096
      },
      "6": {
        "bits_per_byte": 1.7455387909687041,
        "byte_accuracy": 0.641357421875,
        "bytes": 4096
      },
      "7": {
        "bits_per_byte": 1.7713184206405082,
        "byte_accuracy": 0.63037109375,
        "bytes": 4096
      },
      "8": {
        "bits_per_byte": 1.7062934759907284,
        "byte_accuracy": 0.648681640625,
        "bytes": 4096
      },
      "9": {
        "bits_per_byte": 1.7539450288455285,
        "byte_accuracy": 0.6376953125,
        "bytes": 4096
      }
    },
    "patch_offset": {
      "0": {
        "bits_per_byte": 1.7591858231926336,
        "byte_accuracy": 0.6195631438382296,
        "bytes": 20968
      },
      "1": {
        "bits_per_byte": 1.9037994160924205,
        "byte_accuracy": 0.6131705189707807,
        "bytes": 18344
      },
      "2": {
        "bits_per_byte": 1.7689604845476257,
        "byte_accuracy": 0.6520433922357918,
        "bytes": 14657
      },
      "3": {
        "bits_per_byte": 1.8039336000466206,
        "byte_accuracy": 0.6477046770986427,
        "bytes": 11567
      }
    },
    "target_byte_class": {
      "ascii_digit": {
        "bits_per_byte": 3.5710385258705784,
        "byte_accuracy": 0.29055374592833877,
        "bytes": 1535
      },
      "ascii_letter": {
        "bits_per_byte": 2.0761015003016254,
        "byte_accuracy": 0.5660558321769651,
        "bytes": 49004
      },
      "ascii_punctuation": {
        "bits_per_byte": 2.470366870648592,
        "byte_accuracy": 0.5949868073878628,
        "bytes": 2274
      },
      "utf8_continuation": {
        "bits_per_byte": 1.6189243413286047,
        "byte_accuracy": 0.7171717171717171,
        "bytes": 99
      },
      "utf8_lead": {
        "bits_per_byte": 6.187067207247796,
        "byte_accuracy": 0.05660377358490566,
        "bytes": 53
      },
      "whitespace": {
        "bits_per_byte": 0.4199374953066492,
        "byte_accuracy": 0.9288043910587861,
        "bytes": 12571
      }
    },
    "transition_class": {
      "ascii_word_end": {
        "bits_per_byte": 0.4380409015154775,
        "byte_accuracy": 0.9279216235129462,
        "bytes": 10003
      },
      "ascii_word_start": {
        "bits_per_byte": 4.218491276866526,
        "byte_accuracy": 0.22585842311952473,
        "bytes": 9931
      },
      "inside_ascii_word": {
        "bits_per_byte": 1.5292036713250108,
        "byte_accuracy": 0.6525504304252859,
        "bytes": 38915
      },
      "other_transition": {
        "bits_per_byte": 1.8963786875390165,
        "byte_accuracy": 0.6554699537750385,
        "bytes": 6490
      },
      "utf8_transition": {
        "bits_per_byte": 2.59715738709804,
        "byte_accuracy": 0.583756345177665,
        "bytes": 197
      }
    }
  },
  "input_path": "results/moonshot/phase2_recertification/architecture_search_100m_word_context_gated.json",
  "input_sha256": "ede677098d5b08a3e3a548bb4b01b123fe533af560d8579466c76e841751bfed",
  "measured_bottleneck": {
    "highest_loss_local_position": 0,
    "highest_loss_local_position_bpb": 2.45989865630863,
    "highest_loss_transition": "ascii_word_start",
    "highest_loss_transition_bpb": 4.218491276866526
  },
  "overall": {
    "bits_per_byte": 1.8097482234476103,
    "byte_accuracy": 0.6300048828125,
    "evaluated_bytes": 65536
  },
  "profile_sha256": "adcafb8dbd372c4cdc6fdd70320bd7de451e543e7858d237beea02d3ee358dfb",
  "status": "PASS",
  "test_accessed": false,
  "validation_data_sha256": "fdd0a46dc8028b25ad9b8bc1d47c6741c20766d0f3e787b41cebb2da2297eb10"
}
