{
  "candidate": "whitespace_complete_local2_core7",
  "checkpoint_sha256": "60f4777336c656133c09b4177a019164a65a09f5ad2a634767afeabffee4f0e5",
  "exact_command": "C:\\Python310\\python.exe -m layercake.phase2_recertification profile-quality --input results/moonshot/phase2_recertification/architecture_search_10m_completed_patch.json --candidate whitespace_complete_local2_core7 --output results/moonshot/phase2_recertification/quality_limiter_profile_10m_completed_patch.json",
  "format": "layercake-phase2-quality-limiter-profile/1",
  "groups": {
    "local_context_depth": {
      "1": {
        "bits_per_byte": 2.8171132381082837,
        "byte_accuracy": 0.441162109375,
        "bytes": 4096
      },
      "2": {
        "bits_per_byte": 2.3884377795854914,
        "byte_accuracy": 0.515625,
        "bytes": 4096
      },
      "3": {
        "bits_per_byte": 2.1556935829304424,
        "byte_accuracy": 0.566650390625,
        "bytes": 4096
      },
      "4": {
        "bits_per_byte": 2.1432840511449065,
        "byte_accuracy": 0.560302734375,
        "bytes": 4096
      },
      "5": {
        "bits_per_byte": 2.1371387993110234,
        "byte_accuracy": 0.56201171875,
        "bytes": 4096
      },
      "6": {
        "bits_per_byte": 2.092858517559159,
        "byte_accuracy": 0.57421875,
        "bytes": 4096
      },
      "7": {
        "bits_per_byte": 2.103237568424031,
        "byte_accuracy": 0.575927734375,
        "bytes": 4096
      },
      "8_plus": {
        "bits_per_byte": 2.117380867464669,
        "byte_accuracy": 0.5702039930555556,
        "bytes": 36864
      }
    },
    "local_position": {
      "0": {
        "bits_per_byte": 2.8171132381082837,
        "byte_accuracy": 0.441162109375,
        "bytes": 4096
      },
      "1": {
        "bits_per_byte": 2.3884377795854914,
        "byte_accuracy": 0.515625,
        "bytes": 4096
      },
      "10": {
        "bits_per_byte": 2.116055161295486,
        "byte_accuracy": 0.564453125,
        "bytes": 4096
      },
      "11": {
        "bits_per_byte": 2.1128560313899194,
        "byte_accuracy": 0.5703125,
        "bytes": 4096
      },
      "12": {
        "bits_per_byte": 2.1294423768299726,
        "byte_accuracy": 0.565673828125,
        "bytes": 4096
      },
      "13": {
        "bits_per_byte": 2.074258948582564,
        "byte_accuracy": 0.567626953125,
        "bytes": 4096
      },
      "14": {
        "bits_per_byte": 2.1427380438496217,
        "byte_accuracy": 0.56884765625,
        "bytes": 4096
      },
      "15": {
        "bits_per_byte": 2.142443921269899,
        "byte_accuracy": 0.57421875,
        "bytes": 4096
      },
      "2": {
        "bits_per_byte": 2.1556935829304424,
        "byte_accuracy": 0.566650390625,
        "bytes": 4096
      },
      "3": {
        "bits_per_byte": 2.1432840511449065,
        "byte_accuracy": 0.560302734375,
        "bytes": 4096
      },
      "4": {
        "bits_per_byte": 2.1371387993110234,
        "byte_accuracy": 0.56201171875,
        "bytes": 4096
      },
      "5": {
        "bits_per_byte": 2.092858517559159,
        "byte_accuracy": 0.57421875,
        "bytes": 4096
      },
      "6": {
        "bits_per_byte": 2.103237568424031,
        "byte_accuracy": 0.575927734375,
        "bytes": 4096
      },
      "7": {
        "bits_per_byte": 2.1082488633983654,
        "byte_accuracy": 0.56884765625,
        "bytes": 4096
      },
      "8": {
        "bits_per_byte": 2.083813987571489,
        "byte_accuracy": 0.581787109375,
        "bytes": 4096
      },
      "9": {
        "bits_per_byte": 2.1465704729947017,
        "byte_accuracy": 0.570068359375,
        "bytes": 4096
      }
    },
    "patch_offset": {
      "0": {
        "bits_per_byte": 2.0999330564218694,
        "byte_accuracy": 0.5454979015642885,
        "bytes": 20968
      },
      "1": {
        "bits_per_byte": 2.2497795114486463,
        "byte_accuracy": 0.5532054077627562,
        "bytes": 18344
      },
      "2": {
        "bits_per_byte": 2.1727133620052967,
        "byte_accuracy": 0.5782902367469469,
        "bytes": 14657
      },
      "3": {
        "bits_per_byte": 2.228736687182686,
        "byte_accuracy": 0.5624621768825105,
        "bytes": 11567
      }
    },
    "target_byte_class": {
      "ascii_digit": {
        "bits_per_byte": 4.05810090522661,
        "byte_accuracy": 0.2293159609120521,
        "bytes": 1535
      },
      "ascii_letter": {
        "bits_per_byte": 2.489082540977155,
        "byte_accuracy": 0.4827565096726798,
        "bytes": 49004
      },
      "ascii_punctuation": {
        "bits_per_byte": 2.9879563164128693,
        "byte_accuracy": 0.4969217238346526,
        "bytes": 2274
      },
      "utf8_continuation": {
        "bits_per_byte": 2.0077800111650284,
        "byte_accuracy": 0.696969696969697,
        "bytes": 99
      },
      "utf8_lead": {
        "bits_per_byte": 7.141779232711002,
        "byte_accuracy": 0.03773584905660377,
        "bytes": 53
      },
      "whitespace": {
        "bits_per_byte": 0.5847207152869034,
        "byte_accuracy": 0.9035080741388911,
        "bytes": 12571
      }
    },
    "transition_class": {
      "ascii_word_end": {
        "bits_per_byte": 0.6244215246605965,
        "byte_accuracy": 0.8999300209937019,
        "bytes": 10003
      },
      "ascii_word_start": {
        "bits_per_byte": 4.622257328181525,
        "byte_accuracy": 0.16765683214177826,
        "bytes": 9931
      },
      "inside_ascii_word": {
        "bits_per_byte": 1.942042253723235,
        "byte_accuracy": 0.5628420917384042,
        "bytes": 38915
      },
      "other_transition": {
        "bits_per_byte": 2.2475103868657187,
        "byte_accuracy": 0.5992295839753466,
        "bytes": 6490
      },
      "utf8_transition": {
        "bits_per_byte": 3.1267278567331136,
        "byte_accuracy": 0.5532994923857868,
        "bytes": 197
      }
    }
  },
  "input_path": "results/moonshot/phase2_recertification/architecture_search_10m_completed_patch.json",
  "input_sha256": "0aae41632746c4ed363fe4fac627098b4dcc9992b52479ce351d81db9a47864a",
  "measured_bottleneck": {
    "highest_loss_local_position": 0,
    "highest_loss_local_position_bpb": 2.8171132381082837,
    "highest_loss_transition": "ascii_word_start",
    "highest_loss_transition_bpb": 4.622257328181525
  },
  "overall": {
    "bits_per_byte": 2.1808869828644917,
    "byte_accuracy": 0.5579833984375,
    "evaluated_bytes": 65536
  },
  "profile_sha256": "fc98a1cd3cbc7f956da08f4f92c7151a154726ab3f1ed81a46d4081c8c063007",
  "status": "PASS",
  "test_accessed": false,
  "validation_data_sha256": "fdd0a46dc8028b25ad9b8bc1d47c6741c20766d0f3e787b41cebb2da2297eb10"
}
