{
  "curves": [
    {
      "step": 1,
      "training_loss": 5.894801139831543,
      "training_mean_bytes_per_patch": 3.376751854905194,
      "validation": {
        "bits_per_byte": 7.172175075688309,
        "byte_accuracy": 0.0938720703125,
        "evaluated_bytes": 32768,
        "mean_bytes_per_patch": 3.3649620045183815,
        "patches": 9738
      },
      "wall_seconds": 0.18972309993114322
    },
    {
      "step": 610,
      "training_loss": 1.841131329536438,
      "training_mean_bytes_per_patch": 3.3355048859934855,
      "validation": {
        "bits_per_byte": 2.6074855197764286,
        "byte_accuracy": 0.48583984375,
        "evaluated_bytes": 32768,
        "mean_bytes_per_patch": 3.3649620045183815,
        "patches": 9738
      },
      "wall_seconds": 20.235030099982396
    },
    {
      "step": 1220,
      "training_loss": 1.6951770782470703,
      "training_mean_bytes_per_patch": 3.3851239669421487,
      "validation": {
        "bits_per_byte": 2.3464778340144896,
        "byte_accuracy": 0.531585693359375,
        "evaluated_bytes": 32768,
        "mean_bytes_per_patch": 3.3649620045183815,
        "patches": 9738
      },
      "wall_seconds": 40.16544160002377
    },
    {
      "step": 1221,
      "training_loss": 1.6842231750488281,
      "training_mean_bytes_per_patch": 3.396351575456053,
      "validation": {
        "bits_per_byte": 2.347479858682995,
        "byte_accuracy": 0.5306396484375,
        "evaluated_bytes": 32768,
        "mean_bytes_per_patch": 3.3649620045183815,
        "patches": 9738
      },
      "wall_seconds": 40.39592929999344
    }
  ],
  "expert_gradient_steps": [
    1217,
    1221,
    1221,
    1221,
    1221,
    1221,
    1221,
    1221
  ],
  "format": "layercake-adaptive-core-resume/1",
  "peak_memory": 673760768,
  "routing_assignments": [
    409417,
    404221,
    407816,
    404825,
    407809,
    409278,
    404101,
    408277
  ],
  "routing_entropy": 1201.2169781327248,
  "routing_observations": 1221,
  "run_fingerprint": "126748f68adc1bfad61fd900d5fa787651726380b6061ddb5d59346a4c1d2dd8",
  "step": 1221,
  "wall_seconds": 40.39592929999344
}