{
  "curves": [
    {
      "step": 1,
      "training_loss": 5.59739875793457,
      "training_mean_bytes_per_patch": 3.132695984703633,
      "validation": {
        "bits_per_byte": 6.928932638816883,
        "byte_accuracy": 0.186676025390625,
        "evaluated_bytes": 65536,
        "mean_bytes_per_patch": 3.1255246089278903,
        "patches": 20968
      },
      "wall_seconds": 5.512238600058481
    },
    {
      "step": 6103,
      "training_loss": 1.3284541368484497,
      "training_mean_bytes_per_patch": 3.1580570547417115,
      "validation": {
        "bits_per_byte": 1.8897695258685296,
        "byte_accuracy": 0.6139068603515625,
        "evaluated_bytes": 65536,
        "mean_bytes_per_patch": 3.1255246089278903,
        "patches": 20968
      },
      "wall_seconds": 1285.6076126999687
    },
    {
      "step": 12206,
      "training_loss": 1.2646338939666748,
      "training_mean_bytes_per_patch": 3.1495578623606306,
      "validation": {
        "bits_per_byte": 1.8100235515482683,
        "byte_accuracy": 0.6292724609375,
        "evaluated_bytes": 65536,
        "mean_bytes_per_patch": 3.1255246089278903,
        "patches": 20968
      },
      "wall_seconds": 2600.7368576000445
    },
    {
      "step": 12207,
      "training_loss": 1.2692097425460815,
      "training_mean_bytes_per_patch": 3.1279114165712105,
      "validation": {
        "bits_per_byte": 1.809748137456285,
        "byte_accuracy": 0.6300048828125,
        "evaluated_bytes": 65536,
        "mean_bytes_per_patch": 3.1255246089278903,
        "patches": 20968
      },
      "wall_seconds": 2606.043477399973
    }
  ],
  "expert_gradient_steps": [
    12207,
    12207,
    12207,
    12207,
    12207,
    12207,
    12207,
    12207
  ],
  "format": "layercake-adaptive-core-resume/1",
  "peak_memory": 498728960,
  "routing_assignments": [
    4300435,
    4339670,
    4298967,
    4309408,
    4323186,
    4294353,
    4308622,
    4291151
  ],
  "routing_entropy": 10782.651288568974,
  "routing_observations": 12207,
  "run_fingerprint": "d9c6a9c29a33d688aada97d48d4ab440c4b12608c1068ed3a8359af870a486ca",
  "step": 12207,
  "wall_seconds": 2606.043477399973
}