{
  "curves": [
    {
      "step": 1,
      "training_loss": 6.9680585861206055,
      "training_mean_bytes_per_patch": 3.3355048859934855,
      "validation": {
        "bits_per_byte": 6.8469002895148465,
        "byte_accuracy": 0.1865234375,
        "evaluated_bytes": 32768,
        "mean_bytes_per_patch": 3.3649620045183815,
        "patches": 9738
      },
      "wall_seconds": 0.22774630005005747
    },
    {
      "step": 610,
      "training_loss": 2.378314256668091,
      "training_mean_bytes_per_patch": 3.3851239669421487,
      "validation": {
        "bits_per_byte": 2.4354890350591414,
        "byte_accuracy": 0.511474609375,
        "evaluated_bytes": 32768,
        "mean_bytes_per_patch": 3.3649620045183815,
        "patches": 9738
      },
      "wall_seconds": 31.22904230002314
    },
    {
      "step": 1220,
      "training_loss": 2.1712284088134766,
      "training_mean_bytes_per_patch": 3.4133333333333336,
      "validation": {
        "bits_per_byte": 2.2199080835230913,
        "byte_accuracy": 0.55096435546875,
        "evaluated_bytes": 32768,
        "mean_bytes_per_patch": 3.3649620045183815,
        "patches": 9738
      },
      "wall_seconds": 61.286341700004414
    },
    {
      "step": 1221,
      "training_loss": 2.190277099609375,
      "training_mean_bytes_per_patch": 3.380932728023112,
      "validation": {
        "bits_per_byte": 2.2208294590772577,
        "byte_accuracy": 0.54998779296875,
        "evaluated_bytes": 32768,
        "mean_bytes_per_patch": 3.3649620045183815,
        "patches": 9738
      },
      "wall_seconds": 61.59399670001585
    }
  ],
  "expert_gradient_steps": [
    1221,
    1221,
    1221,
    1221,
    1221,
    1221,
    1221,
    1221
  ],
  "format": "layercake-adaptive-core-resume/1",
  "peak_memory": 608457728,
  "routing_assignments": [
    403999,
    409427,
    404468,
    406017,
    406970,
    406809,
    405653,
    414289
  ],
  "routing_entropy": 1213.5101373195648,
  "routing_observations": 1221,
  "run_fingerprint": "7d9d72807c1d6a00e7a137edc3b01b867b43d74f44ebaf8f23a83b6f67afff2f",
  "step": 1221,
  "wall_seconds": 61.59399670001585
}