{
  "curves": [
    {
      "step": 1,
      "training_loss": 7.035018444061279,
      "training_mean_bytes_per_patch": 3.3656532456861132,
      "validation": {
        "bits_per_byte": 6.835662728129157,
        "byte_accuracy": 0.143768310546875,
        "evaluated_bytes": 32768,
        "mean_bytes_per_patch": 3.3649620045183815,
        "patches": 9738
      },
      "wall_seconds": 0.18373130005784333
    },
    {
      "step": 610,
      "training_loss": 2.520230770111084,
      "training_mean_bytes_per_patch": 3.301894397420395,
      "validation": {
        "bits_per_byte": 2.494683120222502,
        "byte_accuracy": 0.501983642578125,
        "evaluated_bytes": 32768,
        "mean_bytes_per_patch": 3.3649620045183815,
        "patches": 9738
      },
      "wall_seconds": 23.251972600002773
    },
    {
      "step": 1220,
      "training_loss": 2.170844316482544,
      "training_mean_bytes_per_patch": 3.3314355429036193,
      "validation": {
        "bits_per_byte": 2.2719166690399097,
        "byte_accuracy": 0.54107666015625,
        "evaluated_bytes": 32768,
        "mean_bytes_per_patch": 3.3649620045183815,
        "patches": 9738
      },
      "wall_seconds": 48.9785326999845
    },
    {
      "step": 1221,
      "training_loss": 2.097778797149658,
      "training_mean_bytes_per_patch": 3.34640522875817,
      "validation": {
        "bits_per_byte": 2.273638075639143,
        "byte_accuracy": 0.540283203125,
        "evaluated_bytes": 32768,
        "mean_bytes_per_patch": 3.3649620045183815,
        "patches": 9738
      },
      "wall_seconds": 49.26209039997775
    }
  ],
  "expert_gradient_steps": [
    1221,
    1221,
    1221,
    1221,
    1221,
    1221,
    1221,
    1221
  ],
  "format": "layercake-adaptive-core-resume/1",
  "peak_memory": 621903872,
  "routing_assignments": [
    411592,
    411304,
    406231,
    410134,
    408030,
    407367,
    401071,
    401711
  ],
  "routing_entropy": 1211.491616010666,
  "routing_observations": 1221,
  "run_fingerprint": "4ef07abdbce6f61c4db9c19829c94b38fe062166ab9d42a9ee03b8c675e3b60e",
  "step": 1221,
  "wall_seconds": 49.26209039997775
}