{
  "curves": [
    {
      "step": 1,
      "training_loss": 5.790935516357422,
      "training_mean_bytes_per_patch": 3.30989898989899,
      "validation": {
        "bits_per_byte": 7.126220709438488,
        "byte_accuracy": 0.174163818359375,
        "evaluated_bytes": 32768,
        "mean_bytes_per_patch": 3.3649620045183815,
        "patches": 9738
      },
      "wall_seconds": 0.16425950010307133
    },
    {
      "step": 610,
      "training_loss": 1.722691297531128,
      "training_mean_bytes_per_patch": 3.3893256102606535,
      "validation": {
        "bits_per_byte": 2.5050674971750926,
        "byte_accuracy": 0.49517822265625,
        "evaluated_bytes": 32768,
        "mean_bytes_per_patch": 3.3649620045183815,
        "patches": 9738
      },
      "wall_seconds": 37.886669200030155
    },
    {
      "step": 1220,
      "training_loss": 1.6519092321395874,
      "training_mean_bytes_per_patch": 3.3287281592848434,
      "validation": {
        "bits_per_byte": 2.280113200946296,
        "byte_accuracy": 0.53875732421875,
        "evaluated_bytes": 32768,
        "mean_bytes_per_patch": 3.3649620045183815,
        "patches": 9738
      },
      "wall_seconds": 76.16029500006698
    },
    {
      "step": 1221,
      "training_loss": 1.6494697332382202,
      "training_mean_bytes_per_patch": 3.3477727829995914,
      "validation": {
        "bits_per_byte": 2.2791419934190427,
        "byte_accuracy": 0.5394287109375,
        "evaluated_bytes": 32768,
        "mean_bytes_per_patch": 3.3649620045183815,
        "patches": 9738
      },
      "wall_seconds": 76.5571832000278
    }
  ],
  "expert_gradient_steps": [
    1221,
    1221,
    1221,
    1221,
    1221,
    1221,
    1221,
    1221
  ],
  "format": "layercake-adaptive-core-resume/1",
  "peak_memory": 573494784,
  "routing_assignments": [
    407016,
    407980,
    407555,
    408686,
    410653,
    406134,
    404602,
    409102
  ],
  "routing_entropy": 1213.1485970020294,
  "routing_observations": 1221,
  "run_fingerprint": "ffd53f54955636177c463c0b7639011515bb02ed4adf5a27cea552a4520c6b73",
  "step": 1221,
  "wall_seconds": 76.5571832000278
}