{
  "curves": [
    {
      "learning_rate": 0.0008,
      "step": 1,
      "training_loss": 5.763047695159912,
      "training_mean_bytes_per_patch": 3.1279114165712105,
      "validation": {
        "bits_per_byte": 7.252017827870885,
        "byte_accuracy": 0.150360107421875,
        "evaluated_bytes": 65536,
        "mean_bytes_per_patch": 3.1255246089278903,
        "patches": 20968
      },
      "wall_seconds": 2.7700801000464708
    },
    {
      "learning_rate": 0.0008,
      "step": 610,
      "training_loss": 1.5746194124221802,
      "training_mean_bytes_per_patch": 3.1374952125622366,
      "validation": {
        "bits_per_byte": 2.3102671448493015,
        "byte_accuracy": 0.5401611328125,
        "evaluated_bytes": 65536,
        "mean_bytes_per_patch": 3.1255246089278903,
        "patches": 20968
      },
      "wall_seconds": 75.00725929997861
    },
    {
      "learning_rate": 4.002015811079538e-05,
      "step": 1220,
      "training_loss": 1.487520456314087,
      "training_mean_bytes_per_patch": 3.1195734958111196,
      "validation": {
        "bits_per_byte": 2.056402312410949,
        "byte_accuracy": 0.584442138671875,
        "evaluated_bytes": 65536,
        "mean_bytes_per_patch": 3.1255246089278903,
        "patches": 20968
      },
      "wall_seconds": 146.61789470002986
    },
    {
      "learning_rate": 4e-05,
      "step": 1221,
      "training_loss": 1.4291945695877075,
      "training_mean_bytes_per_patch": 3.1653786707882534,
      "validation": {
        "bits_per_byte": 2.056316132979493,
        "byte_accuracy": 0.584503173828125,
        "evaluated_bytes": 65536,
        "mean_bytes_per_patch": 3.1255246089278903,
        "patches": 20968
      },
      "wall_seconds": 149.17136979999486
    }
  ],
  "expert_gradient_steps": [
    1221,
    1221,
    1221,
    1221,
    1221,
    1221,
    1221,
    1221
  ],
  "format": "layercake-adaptive-core-resume/1",
  "peak_memory": 558991872,
  "routing_assignments": [
    432202,
    434450,
    429632,
    427142,
    430994,
    436137,
    427468,
    430167
  ],
  "routing_entropy": 1206.118140220642,
  "routing_observations": 1221,
  "run_fingerprint": "82f61ba5bafabf7903ea3612eb2d77258c8f84c117c4ec61d961c2e6177fefae",
  "step": 1221,
  "wall_seconds": 149.17136979999486
}