{
  "format": "layercake-representation-bootstrap-analysis/1",
  "intervals": {
    "hybrid_token_byte_1024": {
      "confidence_level": 0.95,
      "estimate": 965.5414270519166,
      "lower": 959.1098180033761,
      "method": "nonparametric bootstrap of the median",
      "observations": 20,
      "resamples": 10000,
      "seed": 20260723,
      "upper": 968.2141466506971
    },
    "hybrid_token_byte_128": {
      "confidence_level": 0.95,
      "estimate": 1090.6473630270266,
      "lower": 1080.2614890223863,
      "method": "nonparametric bootstrap of the median",
      "observations": 20,
      "resamples": 10000,
      "seed": 20260723,
      "upper": 1110.6924007344985
    },
    "shared_tokenizer_1024": {
      "confidence_level": 0.95,
      "estimate": 1018.0540755301179,
      "lower": 1013.0580939482122,
      "method": "nonparametric bootstrap of the median",
      "observations": 20,
      "resamples": 10000,
      "seed": 20260723,
      "upper": 1023.4280642982171
    },
    "shared_tokenizer_128": {
      "confidence_level": 0.95,
      "estimate": 1217.596830640567,
      "lower": 1098.8129822462336,
      "method": "nonparametric bootstrap of the median",
      "observations": 20,
      "resamples": 10000,
      "seed": 20260723,
      "upper": 1256.7182557682677
    }
  },
  "notes": "Each headline interval uses 20 repeated observations. The 100-prompt functional screens are distinct-prompt evidence and are not mislabeled as repeated timing.",
  "optimized_transformer_median_bytes_per_second": 506.2597482558446,
  "status": "PASS"
}
