{
  "curves": [
    {
      "step": 1,
      "training_loss": 5.6695685386657715,
      "training_mean_bytes_per_patch": 3.30989898989899,
      "validation": {
        "bits_per_byte": 7.225310276555267,
        "byte_accuracy": 0.16314697265625,
        "evaluated_bytes": 32768,
        "mean_bytes_per_patch": 3.3649620045183815,
        "patches": 9738
      },
      "wall_seconds": 0.17169320001266897
    },
    {
      "step": 610,
      "training_loss": 1.8829532861709595,
      "training_mean_bytes_per_patch": 3.3893256102606535,
      "validation": {
        "bits_per_byte": 2.741933505283129,
        "byte_accuracy": 0.46197509765625,
        "evaluated_bytes": 32768,
        "mean_bytes_per_patch": 3.3649620045183815,
        "patches": 9738
      },
      "wall_seconds": 20.369143899995834
    },
    {
      "step": 1220,
      "training_loss": 1.7179036140441895,
      "training_mean_bytes_per_patch": 3.3287281592848434,
      "validation": {
        "bits_per_byte": 2.396448349876174,
        "byte_accuracy": 0.524261474609375,
        "evaluated_bytes": 32768,
        "mean_bytes_per_patch": 3.3649620045183815,
        "patches": 9738
      },
      "wall_seconds": 40.61126969999168
    },
    {
      "step": 1221,
      "training_loss": 1.7148720026016235,
      "training_mean_bytes_per_patch": 3.3477727829995914,
      "validation": {
        "bits_per_byte": 2.397867787187239,
        "byte_accuracy": 0.523101806640625,
        "evaluated_bytes": 32768,
        "mean_bytes_per_patch": 3.3649620045183815,
        "patches": 9738
      },
      "wall_seconds": 40.84218929999042
    }
  ],
  "expert_gradient_steps": [
    1221,
    1221,
    1221,
    1218,
    1221,
    1221,
    1221,
    1221
  ],
  "format": "layercake-adaptive-core-resume/1",
  "peak_memory": 573494784,
  "routing_assignments": [
    407092,
    407011,
    407164,
    406394,
    410164,
    407799,
    407838,
    408266
  ],
  "routing_entropy": 1203.4093806147575,
  "routing_observations": 1221,
  "run_fingerprint": "f43ce0ce271c6a89f7242511b4a141e97f127f0726bd51db796fbf09b938b012",
  "step": 1221,
  "wall_seconds": 40.84218929999042
}