{
  "curves": [
    {
      "step": 1,
      "training_loss": 5.790394306182861,
      "training_mean_bytes_per_patch": 3.3382233088834554,
      "validation": {
        "bits_per_byte": 7.214254199861901,
        "byte_accuracy": 0.158050537109375,
        "evaluated_bytes": 32768,
        "mean_bytes_per_patch": 3.3649620045183815,
        "patches": 9738
      },
      "wall_seconds": 0.3037227999884635
    },
    {
      "step": 610,
      "training_loss": 1.8115843534469604,
      "training_mean_bytes_per_patch": 3.3656532456861132,
      "validation": {
        "bits_per_byte": 2.5747003595532947,
        "byte_accuracy": 0.49395751953125,
        "evaluated_bytes": 32768,
        "mean_bytes_per_patch": 3.3649620045183815,
        "patches": 9738
      },
      "wall_seconds": 37.18816240003798
    },
    {
      "step": 1220,
      "training_loss": 1.6568739414215088,
      "training_mean_bytes_per_patch": 3.4005811540058115,
      "validation": {
        "bits_per_byte": 2.333082556793244,
        "byte_accuracy": 0.532470703125,
        "evaluated_bytes": 32768,
        "mean_bytes_per_patch": 3.3649620045183815,
        "patches": 9738
      },
      "wall_seconds": 74.0109003999969
    },
    {
      "step": 1221,
      "training_loss": 1.6761904954910278,
      "training_mean_bytes_per_patch": 3.3781443298969074,
      "validation": {
        "bits_per_byte": 2.3340422952274684,
        "byte_accuracy": 0.53271484375,
        "evaluated_bytes": 32768,
        "mean_bytes_per_patch": 3.3649620045183815,
        "patches": 9738
      },
      "wall_seconds": 74.44041170005221
    }
  ],
  "expert_gradient_steps": [
    1221,
    1221,
    1221,
    1221,
    1221,
    1221,
    1221,
    1221
  ],
  "format": "layercake-adaptive-core-resume/1",
  "peak_memory": 615123968,
  "routing_assignments": [
    407324,
    411517,
    408510,
    406604,
    406134,
    409106,
    406514,
    404707
  ],
  "routing_entropy": 1201.9975917339325,
  "routing_observations": 1221,
  "run_fingerprint": "8c059fd159e5a7c2dc16b6f45652f9308d7ee8e6ef171963ae814c57f113b1c4",
  "step": 1221,
  "wall_seconds": 74.44041170005221
}