{
  "curves": [
    {
      "learning_rate": 0.0008,
      "step": 1,
      "training_loss": 5.763047695159912,
      "training_mean_bytes_per_patch": 3.1279114165712105,
      "validation": {
        "bits_per_byte": 7.252017827870885,
        "byte_accuracy": 0.150360107421875,
        "evaluated_bytes": 65536,
        "mean_bytes_per_patch": 3.1255246089278903,
        "patches": 20968
      },
      "wall_seconds": 2.905868800007738
    },
    {
      "learning_rate": 0.0008,
      "step": 6103,
      "training_loss": 1.2974601984024048,
      "training_mean_bytes_per_patch": 3.1825951825951826,
      "validation": {
        "bits_per_byte": 1.8397971880656376,
        "byte_accuracy": 0.62274169921875,
        "evaluated_bytes": 65536,
        "mean_bytes_per_patch": 3.1255246089278903,
        "patches": 20968
      },
      "wall_seconds": 704.9115549999988
    },
    {
      "learning_rate": 4.000020138474035e-05,
      "step": 12206,
      "training_loss": 1.1958997249603271,
      "training_mean_bytes_per_patch": 3.1219512195121952,
      "validation": {
        "bits_per_byte": 1.691667246382077,
        "byte_accuracy": 0.65472412109375,
        "evaluated_bytes": 65536,
        "mean_bytes_per_patch": 3.1255246089278903,
        "patches": 20968
      },
      "wall_seconds": 1404.5591116000433
    },
    {
      "learning_rate": 4e-05,
      "step": 12207,
      "training_loss": 1.1734776496887207,
      "training_mean_bytes_per_patch": 3.138697318007663,
      "validation": {
        "bits_per_byte": 1.691692952413923,
        "byte_accuracy": 0.654632568359375,
        "evaluated_bytes": 65536,
        "mean_bytes_per_patch": 3.1255246089278903,
        "patches": 20968
      },
      "wall_seconds": 1407.129557200009
    }
  ],
  "expert_gradient_steps": [
    12207,
    12207,
    12207,
    12207,
    12207,
    12207,
    12207,
    12207
  ],
  "format": "layercake-adaptive-core-resume/1",
  "peak_memory": 566393344,
  "routing_assignments": [
    4299429,
    4343372,
    4304950,
    4292507,
    4309901,
    4311575,
    4296285,
    4292861
  ],
  "routing_entropy": 11435.809602320194,
  "routing_observations": 12207,
  "run_fingerprint": "fe6042f12495820ed08e2987d7586bb95d50460c0a9bc78f06793568590ab640",
  "step": 12207,
  "wall_seconds": 1407.129557200009
}