{
  "curves": [
    {
      "step": 1,
      "training_loss": 5.67240047454834,
      "training_mean_bytes_per_patch": 3.376751854905194,
      "validation": {
        "bits_per_byte": 7.003575280572309,
        "byte_accuracy": 0.17767333984375,
        "evaluated_bytes": 32768,
        "mean_bytes_per_patch": 3.3649620045183815,
        "patches": 9738
      },
      "wall_seconds": 0.20320960006210953
    },
    {
      "step": 610,
      "training_loss": 1.7243845462799072,
      "training_mean_bytes_per_patch": 3.3355048859934855,
      "validation": {
        "bits_per_byte": 2.445839445438186,
        "byte_accuracy": 0.509796142578125,
        "evaluated_bytes": 32768,
        "mean_bytes_per_patch": 3.3649620045183815,
        "patches": 9738
      },
      "wall_seconds": 27.03429420001339
    },
    {
      "step": 1220,
      "training_loss": 1.5907684564590454,
      "training_mean_bytes_per_patch": 3.3851239669421487,
      "validation": {
        "bits_per_byte": 2.205757189776364,
        "byte_accuracy": 0.55218505859375,
        "evaluated_bytes": 32768,
        "mean_bytes_per_patch": 3.3649620045183815,
        "patches": 9738
      },
      "wall_seconds": 54.237720300094225
    },
    {
      "step": 1221,
      "training_loss": 1.6110581159591675,
      "training_mean_bytes_per_patch": 3.396351575456053,
      "validation": {
        "bits_per_byte": 2.2026792807673665,
        "byte_accuracy": 0.553497314453125,
        "evaluated_bytes": 32768,
        "mean_bytes_per_patch": 3.3649620045183815,
        "patches": 9738
      },
      "wall_seconds": 54.52231940010097
    }
  ],
  "expert_gradient_steps": [
    1221,
    1221,
    1221,
    1221,
    1221,
    1221,
    1221,
    1217
  ],
  "format": "layercake-adaptive-core-resume/1",
  "peak_memory": 673760768,
  "routing_assignments": [
    409964,
    404915,
    409806,
    404092,
    404388,
    406462,
    407052,
    409065
  ],
  "routing_entropy": 1211.2888451814651,
  "routing_observations": 1221,
  "run_fingerprint": "216a6ebea0fb652b3baa406be6cc215fe23128c4d66dc7c29e17473f09b5cb02",
  "step": 1221,
  "wall_seconds": 54.52231940010097
}