{
  "curves": [
    {
      "step": 1,
      "training_loss": 8.705475807189941,
      "training_mean_bytes_per_patch": 3.3656532456861132,
      "validation": {
        "bits_per_byte": 7.234432150365705,
        "byte_accuracy": 0.130706787109375,
        "evaluated_bytes": 32768,
        "mean_bytes_per_patch": 3.3649620045183815,
        "patches": 9738
      },
      "wall_seconds": 0.1911321000661701
    },
    {
      "step": 610,
      "training_loss": 3.064004898071289,
      "training_mean_bytes_per_patch": 3.301894397420395,
      "validation": {
        "bits_per_byte": 2.4557073907369826,
        "byte_accuracy": 0.5067138671875,
        "evaluated_bytes": 32768,
        "mean_bytes_per_patch": 3.3649620045183815,
        "patches": 9738
      },
      "wall_seconds": 25.562134900013916
    },
    {
      "step": 1220,
      "training_loss": 2.6306936740875244,
      "training_mean_bytes_per_patch": 3.3314355429036193,
      "validation": {
        "bits_per_byte": 2.232833998592301,
        "byte_accuracy": 0.546905517578125,
        "evaluated_bytes": 32768,
        "mean_bytes_per_patch": 3.3649620045183815,
        "patches": 9738
      },
      "wall_seconds": 51.004309600102715
    },
    {
      "step": 1221,
      "training_loss": 2.5552046298980713,
      "training_mean_bytes_per_patch": 3.34640522875817,
      "validation": {
        "bits_per_byte": 2.233303736956386,
        "byte_accuracy": 0.54791259765625,
        "evaluated_bytes": 32768,
        "mean_bytes_per_patch": 3.3649620045183815,
        "patches": 9738
      },
      "wall_seconds": 51.26060010003857
    }
  ],
  "expert_gradient_steps": [
    1221,
    1221,
    1221,
    1221,
    1214,
    1221,
    1221,
    1221
  ],
  "format": "layercake-adaptive-core-resume/1",
  "peak_memory": 621903872,
  "routing_assignments": [
    410150,
    410266,
    408678,
    407603,
    404736,
    408114,
    404617,
    403276
  ],
  "routing_entropy": 1212.406782746315,
  "routing_observations": 1221,
  "run_fingerprint": "0859308b39a54508444ec578c271dbfa49d995ff018e1cf990308d7fdb72b9e3",
  "step": 1221,
  "wall_seconds": 51.26060010003857
}