{
  "curves": [
    {
      "step": 1,
      "training_loss": 5.67240047454834,
      "training_mean_bytes_per_patch": 3.376751854905194,
      "validation": {
        "bits_per_byte": 7.004411460220804,
        "byte_accuracy": 0.1776123046875,
        "evaluated_bytes": 32768,
        "mean_bytes_per_patch": 3.3649620045183815,
        "patches": 9738
      },
      "wall_seconds": 0.4699587000068277
    },
    {
      "step": 610,
      "training_loss": 1.729858160018921,
      "training_mean_bytes_per_patch": 3.3355048859934855,
      "validation": {
        "bits_per_byte": 2.4514609563556133,
        "byte_accuracy": 0.50750732421875,
        "evaluated_bytes": 32768,
        "mean_bytes_per_patch": 3.3649620045183815,
        "patches": 9738
      },
      "wall_seconds": 26.63329590007197
    },
    {
      "step": 1220,
      "training_loss": 1.6014900207519531,
      "training_mean_bytes_per_patch": 3.3851239669421487,
      "validation": {
        "bits_per_byte": 2.217819149998965,
        "byte_accuracy": 0.547821044921875,
        "evaluated_bytes": 32768,
        "mean_bytes_per_patch": 3.3649620045183815,
        "patches": 9738
      },
      "wall_seconds": 52.75209169997834
    },
    {
      "step": 1221,
      "training_loss": 1.6008609533309937,
      "training_mean_bytes_per_patch": 3.396351575456053,
      "validation": {
        "bits_per_byte": 2.2163620592362765,
        "byte_accuracy": 0.54833984375,
        "evaluated_bytes": 32768,
        "mean_bytes_per_patch": 3.3649620045183815,
        "patches": 9738
      },
      "wall_seconds": 53.009397999965586
    }
  ],
  "expert_gradient_steps": [
    1221,
    1221,
    1221,
    1221,
    1221,
    1221,
    1221,
    1217
  ],
  "format": "layercake-adaptive-core-resume/1",
  "peak_memory": 573045248,
  "routing_assignments": [
    411090,
    404757,
    410694,
    403027,
    404617,
    405946,
    407010,
    408603
  ],
  "routing_entropy": 1211.3209646940231,
  "routing_observations": 1221,
  "run_fingerprint": "8437f1f8ac3c3cd5f60bbc8cf2bd5b1d6ecce764798744caff2c8a0e56822506",
  "step": 1221,
  "wall_seconds": 53.009397999965586
}