{
  "curves": [
    {
      "step": 1,
      "training_loss": 7.205450057983398,
      "training_mean_bytes_per_patch": 3.357377049180328,
      "validation": {
        "bits_per_byte": 7.08362297158122,
        "byte_accuracy": 0.128204345703125,
        "evaluated_bytes": 65536,
        "mean_bytes_per_patch": 3.3620273944492896,
        "patches": 19493
      },
      "wall_seconds": 0.5941857000580058
    },
    {
      "step": 6103,
      "training_loss": 1.8721100091934204,
      "training_mean_bytes_per_patch": 3.404821280133001,
      "validation": {
        "bits_per_byte": 2.002463167893617,
        "byte_accuracy": 0.5883331298828125,
        "evaluated_bytes": 65536,
        "mean_bytes_per_patch": 3.3620273944492896,
        "patches": 19493
      },
      "wall_seconds": 232.67625350004528
    },
    {
      "step": 12206,
      "training_loss": 1.7631080150604248,
      "training_mean_bytes_per_patch": 3.3355048859934855,
      "validation": {
        "bits_per_byte": 1.9239627671733137,
        "byte_accuracy": 0.601593017578125,
        "evaluated_bytes": 65536,
        "mean_bytes_per_patch": 3.3620273944492896,
        "patches": 19493
      },
      "wall_seconds": 459.6989230000181
    },
    {
      "step": 12207,
      "training_loss": 1.7861891984939575,
      "training_mean_bytes_per_patch": 3.37119341563786,
      "validation": {
        "bits_per_byte": 1.9247167337402384,
        "byte_accuracy": 0.6011962890625,
        "evaluated_bytes": 65536,
        "mean_bytes_per_patch": 3.3620273944492896,
        "patches": 19493
      },
      "wall_seconds": 460.05665530008264
    }
  ],
  "expert_gradient_steps": [
    12207,
    12207,
    12207,
    12207,
    12207,
    12206,
    12207,
    12204
  ],
  "format": "layercake-adaptive-core-resume/1",
  "peak_memory": 477703680,
  "routing_assignments": [
    4070457,
    4086181,
    4060905,
    4064925,
    4078468,
    4068993,
    4088055,
    4055808
  ],
  "routing_entropy": 12181.165847957134,
  "routing_observations": 12207,
  "run_fingerprint": "0c4d35e1571600a039a9b91bb4f93950c282fcaa523dbe34d09bde39b846e04f",
  "step": 12207,
  "wall_seconds": 460.05665530008264
}