{
  "curves": [
    {
      "step": 1,
      "training_loss": 5.713770866394043,
      "training_mean_bytes_per_patch": 3.3382233088834554,
      "validation": {
        "bits_per_byte": 7.093842438669465,
        "byte_accuracy": 0.116119384765625,
        "evaluated_bytes": 32768,
        "mean_bytes_per_patch": 3.3649620045183815,
        "patches": 9738
      },
      "wall_seconds": 0.3676640000194311
    },
    {
      "step": 610,
      "training_loss": 1.8039518594741821,
      "training_mean_bytes_per_patch": 3.3656532456861132,
      "validation": {
        "bits_per_byte": 2.5883396801561145,
        "byte_accuracy": 0.4815673828125,
        "evaluated_bytes": 32768,
        "mean_bytes_per_patch": 3.3649620045183815,
        "patches": 9738
      },
      "wall_seconds": 41.11049829993863
    },
    {
      "step": 1220,
      "training_loss": 1.6653587818145752,
      "training_mean_bytes_per_patch": 3.4005811540058115,
      "validation": {
        "bits_per_byte": 2.34289475821533,
        "byte_accuracy": 0.5281982421875,
        "evaluated_bytes": 32768,
        "mean_bytes_per_patch": 3.3649620045183815,
        "patches": 9738
      },
      "wall_seconds": 79.43530399992596
    },
    {
      "step": 1221,
      "training_loss": 1.6958271265029907,
      "training_mean_bytes_per_patch": 3.3781443298969074,
      "validation": {
        "bits_per_byte": 2.342802156306756,
        "byte_accuracy": 0.5274658203125,
        "evaluated_bytes": 32768,
        "mean_bytes_per_patch": 3.3649620045183815,
        "patches": 9738
      },
      "wall_seconds": 79.85046210000291
    }
  ],
  "expert_gradient_steps": [
    1221,
    1221,
    1221,
    1221,
    1221,
    1220,
    1221,
    1221
  ],
  "format": "layercake-adaptive-core-resume/1",
  "peak_memory": 615123968,
  "routing_assignments": [
    407119,
    410344,
    407298,
    410610,
    407474,
    406356,
    407032,
    404183
  ],
  "routing_entropy": 1209.9671370387077,
  "routing_observations": 1221,
  "run_fingerprint": "327134ebdb37984c40fe713d0faa7840a55d5aa0ba19d1abd27308375ec0184b",
  "step": 1221,
  "wall_seconds": 79.85046210000291
}