{
  "campaign_version": 1,
  "candidate_path": "results/moonshot/phase2/candidate.json",
  "candidate_sha256": "bb3c6ea63e040e8b4ff707144290f81f0159af156f27d1c27177840f8c8b88a4",
  "format": "layercake-moonshot-candidate-verification/1",
  "phase": 2,
  "status": "PASS",
  "verification_summary": {
    "architecture_hash": "1b8d0d00783d3f4c97958a67d1031d25340396e3bd8764a74552fc6508d781fa",
    "functional_quality": {
      "layercake": {
        "coherence_pass_rate": 1.0,
        "functional_pass_rate": 1.0,
        "generated_characters": 583.35,
        "instruction_following_rate": 1.0,
        "invalid_output_rate": 0.0,
        "longest_identical_byte_run": 2.0,
        "printable_character_rate": 1.0,
        "repetition_rate": 0.15735916715662135,
        "task_constraint_success_rate": 1.0,
        "topic_relevance_rate": 1.0,
        "unique_4gram_rate": 0.8426408328433785,
        "valid_utf8": 1.0,
        "word_count": 101.75,
        "word_diversity": 0.7886804362991344
      },
      "qwen": {
        "coherence_pass_rate": 0.3,
        "functional_pass_rate": 0.15,
        "generated_characters": 479.88,
        "instruction_following_rate": 0.1,
        "invalid_output_rate": 0.0,
        "longest_identical_byte_run": 2.0,
        "printable_character_rate": 1.0,
        "repetition_rate": 0.17750524109014676,
        "task_constraint_success_rate": 0.09,
        "topic_relevance_rate": 0.09,
        "unique_4gram_rate": 0.8224947589098532,
        "valid_utf8": 1.0,
        "word_count": 73.2,
        "word_diversity": 0.8013427060120284
      }
    },
    "gates": {
      "active_memory_ratio": 0.04485745811224746,
      "cpu_median_latency_ratio": 0.2496660251808063,
      "cpu_throughput_ratio": 8.04026278878407,
      "heldout_bpb_delta": -0.03324327388735093,
      "installed_model_memory_ratio": 0.05927940778078259,
      "long_context_accuracy_delta": 0.95,
      "physical_sparse_execution": 1.0,
      "process_resident_memory_ratio": 0.6408904024253499,
      "sustained_1024_byte_throughput_ratio": 10.732543117850668,
      "time_to_first_output_ratio": 0.03928552341250754
    },
    "primary_checkpoint_sha256": "fc8d32c77bfa9d39152a6d32436c4dbbf767f9d1c88f3de17fec84a24bd3f781",
    "quality": {
      "test_bpb_mean": 1.7711857259699357,
      "validation_bpb_mean": 1.6541097796218966
    },
    "raw_records": 363,
    "seeds": [
      9824,
      9825,
      9826
    ],
    "status": "PASS",
    "transformer_checkpoint_sha256": "a8b0c51577010a279d933d14c2a8ab4b268079d44c5c8830c0a93900f1827c67"
  }
}
