{
  "curves": [
    {
      "step": 1,
      "training_loss": 5.785384654998779,
      "training_mean_bytes_per_patch": 3.1592749710759738,
      "validation": {
        "bits_per_byte": 7.252129960559248,
        "byte_accuracy": 0.1259307861328125,
        "evaluated_bytes": 65536,
        "mean_bytes_per_patch": 3.1255246089278903,
        "patches": 20968
      },
      "wall_seconds": 2.795348500018008
    },
    {
      "step": 610,
      "training_loss": 1.7033319473266602,
      "training_mean_bytes_per_patch": 3.1171993911719937,
      "validation": {
        "bits_per_byte": 2.376188944089355,
        "byte_accuracy": 0.5240631103515625,
        "evaluated_bytes": 65536,
        "mean_bytes_per_patch": 3.1255246089278903,
        "patches": 20968
      },
      "wall_seconds": 79.31863919994794
    },
    {
      "step": 1220,
      "training_loss": 1.5203288793563843,
      "training_mean_bytes_per_patch": 3.130301872372946,
      "validation": {
        "bits_per_byte": 2.181494656689026,
        "byte_accuracy": 0.557525634765625,
        "evaluated_bytes": 65536,
        "mean_bytes_per_patch": 3.1255246089278903,
        "patches": 20968
      },
      "wall_seconds": 150.40519199997652
    },
    {
      "step": 1221,
      "training_loss": 1.5713317394256592,
      "training_mean_bytes_per_patch": 3.1411042944785277,
      "validation": {
        "bits_per_byte": 2.18088696136666,
        "byte_accuracy": 0.5579833984375,
        "evaluated_bytes": 65536,
        "mean_bytes_per_patch": 3.1255246089278903,
        "patches": 20968
      },
      "wall_seconds": 152.9777807999635
    }
  ],
  "expert_gradient_steps": [
    1221,
    1220,
    1221,
    1221,
    1221,
    1221,
    1220,
    1221
  ],
  "format": "layercake-adaptive-core-resume/1",
  "peak_memory": 478160384,
  "routing_assignments": [
    429157,
    429671,
    429185,
    444852,
    430636,
    429496,
    425126,
    428885
  ],
  "routing_entropy": 1196.3305899500847,
  "routing_observations": 1221,
  "run_fingerprint": "6503b1d72cec89e91d7e8f1f8e6cb08d8a45d4afe48f9ba1e25047783295bbd4",
  "step": 1221,
  "wall_seconds": 152.9777807999635
}