{
  "curves": [
    {
      "step": 1,
      "training_loss": 6.222177028656006,
      "training_mean_bytes_per_patch": 3.3355048859934855,
      "validation": {
        "bits_per_byte": 7.001960793437334,
        "byte_accuracy": 0.1669921875,
        "evaluated_bytes": 32768,
        "mean_bytes_per_patch": 3.3649620045183815,
        "patches": 9738
      },
      "wall_seconds": 0.25321350002195686
    },
    {
      "step": 610,
      "training_loss": 2.032705307006836,
      "training_mean_bytes_per_patch": 3.3851239669421487,
      "validation": {
        "bits_per_byte": 2.4551213383563364,
        "byte_accuracy": 0.505828857421875,
        "evaluated_bytes": 32768,
        "mean_bytes_per_patch": 3.3649620045183815,
        "patches": 9738
      },
      "wall_seconds": 28.41970670002047
    },
    {
      "step": 1220,
      "training_loss": 1.8556036949157715,
      "training_mean_bytes_per_patch": 3.4133333333333336,
      "validation": {
        "bits_per_byte": 2.2472849375712896,
        "byte_accuracy": 0.544464111328125,
        "evaluated_bytes": 32768,
        "mean_bytes_per_patch": 3.3649620045183815,
        "patches": 9738
      },
      "wall_seconds": 56.86588220007252
    },
    {
      "step": 1221,
      "training_loss": 1.8707596063613892,
      "training_mean_bytes_per_patch": 3.380932728023112,
      "validation": {
        "bits_per_byte": 2.2473997682374875,
        "byte_accuracy": 0.546173095703125,
        "evaluated_bytes": 32768,
        "mean_bytes_per_patch": 3.3649620045183815,
        "patches": 9738
      },
      "wall_seconds": 57.14834359998349
    }
  ],
  "expert_gradient_steps": [
    1221,
    1221,
    1221,
    1221,
    1221,
    1221,
    1221,
    1221
  ],
  "format": "layercake-adaptive-core-resume/1",
  "peak_memory": 617483264,
  "routing_assignments": [
    406201,
    406591,
    405966,
    405015,
    405411,
    410822,
    406197,
    411429
  ],
  "routing_entropy": 1213.8306582570076,
  "routing_observations": 1221,
  "run_fingerprint": "4120777b984d1c559c03fefc8acfebb552d0df4c930346d92d4e3be0abfd765a",
  "step": 1221,
  "wall_seconds": 57.14834359998349
}