{
  "curves": [
    {
      "step": 1,
      "training_loss": 6.096513271331787,
      "training_mean_bytes_per_patch": 3.3355048859934855,
      "validation": {
        "bits_per_byte": 6.834868254273496,
        "byte_accuracy": 0.186248779296875,
        "evaluated_bytes": 32768,
        "mean_bytes_per_patch": 3.3649620045183815,
        "patches": 9738
      },
      "wall_seconds": 0.24511980009265244
    },
    {
      "step": 610,
      "training_loss": 2.03769588470459,
      "training_mean_bytes_per_patch": 3.3851239669421487,
      "validation": {
        "bits_per_byte": 2.430016407372783,
        "byte_accuracy": 0.512664794921875,
        "evaluated_bytes": 32768,
        "mean_bytes_per_patch": 3.3649620045183815,
        "patches": 9738
      },
      "wall_seconds": 31.324461600044742
    },
    {
      "step": 1220,
      "training_loss": 1.862244725227356,
      "training_mean_bytes_per_patch": 3.4133333333333336,
      "validation": {
        "bits_per_byte": 2.229194587726068,
        "byte_accuracy": 0.547576904296875,
        "evaluated_bytes": 32768,
        "mean_bytes_per_patch": 3.3649620045183815,
        "patches": 9738
      },
      "wall_seconds": 62.00356530002318
    },
    {
      "step": 1221,
      "training_loss": 1.8847895860671997,
      "training_mean_bytes_per_patch": 3.380932728023112,
      "validation": {
        "bits_per_byte": 2.229555568561313,
        "byte_accuracy": 0.54766845703125,
        "evaluated_bytes": 32768,
        "mean_bytes_per_patch": 3.3649620045183815,
        "patches": 9738
      },
      "wall_seconds": 62.31707200000528
    }
  ],
  "expert_gradient_steps": [
    1221,
    1221,
    1221,
    1221,
    1221,
    1221,
    1221,
    1221
  ],
  "format": "layercake-adaptive-core-resume/1",
  "peak_memory": 617483264,
  "routing_assignments": [
    406695,
    408127,
    403236,
    404663,
    406913,
    407493,
    407793,
    412712
  ],
  "routing_entropy": 1213.9273002147675,
  "routing_observations": 1221,
  "run_fingerprint": "cca42686be8ab447182e1c78a094767b1437c7e1a9af4f191382a1d039eaac7e",
  "step": 1221,
  "wall_seconds": 62.31707200000528
}