{
  "curves": [
    {
      "step": 1,
      "training_loss": 5.59603214263916,
      "training_mean_bytes_per_patch": 3.30989898989899,
      "validation": {
        "bits_per_byte": 6.827254410337149,
        "byte_accuracy": 0.174468994140625,
        "evaluated_bytes": 32768,
        "mean_bytes_per_patch": 3.3649620045183815,
        "patches": 9738
      },
      "wall_seconds": 0.3182340000057593
    },
    {
      "step": 610,
      "training_loss": 1.6987299919128418,
      "training_mean_bytes_per_patch": 3.3893256102606535,
      "validation": {
        "bits_per_byte": 2.4695559927280715,
        "byte_accuracy": 0.50531005859375,
        "evaluated_bytes": 32768,
        "mean_bytes_per_patch": 3.3649620045183815,
        "patches": 9738
      },
      "wall_seconds": 41.34715219994541
    },
    {
      "step": 1220,
      "training_loss": 1.620171070098877,
      "training_mean_bytes_per_patch": 3.3287281592848434,
      "validation": {
        "bits_per_byte": 2.2525155749189683,
        "byte_accuracy": 0.54266357421875,
        "evaluated_bytes": 32768,
        "mean_bytes_per_patch": 3.3649620045183815,
        "patches": 9738
      },
      "wall_seconds": 81.88866179995239
    },
    {
      "step": 1221,
      "training_loss": 1.6235679388046265,
      "training_mean_bytes_per_patch": 3.3477727829995914,
      "validation": {
        "bits_per_byte": 2.2567906874073693,
        "byte_accuracy": 0.54095458984375,
        "evaluated_bytes": 32768,
        "mean_bytes_per_patch": 3.3649620045183815,
        "patches": 9738
      },
      "wall_seconds": 82.34405719989445
    }
  ],
  "expert_gradient_steps": [
    1221,
    1221,
    1221,
    1221,
    1221,
    1221,
    1221,
    1221
  ],
  "format": "layercake-adaptive-core-resume/1",
  "peak_memory": 573494784,
  "routing_assignments": [
    407767,
    407799,
    410318,
    408352,
    409484,
    406728,
    404112,
    407168
  ],
  "routing_entropy": 1212.8567270636559,
  "routing_observations": 1221,
  "run_fingerprint": "40b39ad7afe3a390b279e4c3f94d568e04c6f47d5c8c561223a9e5bd64bff803",
  "step": 1221,
  "wall_seconds": 82.34405719989445
}