{
  "curves": [
    {
      "step": 1,
      "training_loss": 5.584027290344238,
      "training_mean_bytes_per_patch": 3.147137917787169,
      "validation": {
        "bits_per_byte": 7.440908200629174,
        "byte_accuracy": 0.128692626953125,
        "evaluated_bytes": 32768,
        "mean_bytes_per_patch": 3.130301872372946,
        "patches": 10468
      },
      "wall_seconds": 1.373293900047429
    },
    {
      "step": 610,
      "training_loss": 1.9843214750289917,
      "training_mean_bytes_per_patch": 3.1291061879297173,
      "validation": {
        "bits_per_byte": 2.8373538547904964,
        "byte_accuracy": 0.44482421875,
        "evaluated_bytes": 32768,
        "mean_bytes_per_patch": 3.130301872372946,
        "patches": 10468
      },
      "wall_seconds": 64.18750360002741
    },
    {
      "step": 1220,
      "training_loss": 1.8074582815170288,
      "training_mean_bytes_per_patch": 3.144721689059501,
      "validation": {
        "bits_per_byte": 2.504484830702885,
        "byte_accuracy": 0.511199951171875,
        "evaluated_bytes": 32768,
        "mean_bytes_per_patch": 3.130301872372946,
        "patches": 10468
      },
      "wall_seconds": 126.97718490008265
    },
    {
      "step": 1221,
      "training_loss": 1.7861239910125732,
      "training_mean_bytes_per_patch": 3.10538286580743,
      "validation": {
        "bits_per_byte": 2.5041687480884303,
        "byte_accuracy": 0.511505126953125,
        "evaluated_bytes": 32768,
        "mean_bytes_per_patch": 3.130301872372946,
        "patches": 10468
      },
      "wall_seconds": 128.36495400010608
    }
  ],
  "expert_gradient_steps": [],
  "format": "layercake-adaptive-core-resume/1",
  "peak_memory": 673760768,
  "routing_assignments": null,
  "routing_entropy": 0.0,
  "routing_observations": 0,
  "run_fingerprint": "681809bae5d6553f3f258c9e0ba8984a2f687f1d227dc0e4bfdcc49c5a54ae60",
  "step": 1221,
  "wall_seconds": 128.36495400010608
}