{
  "curves": [
    {
      "step": 1,
      "training_loss": 5.771688461303711,
      "training_mean_bytes_per_patch": 3.143514965464313,
      "validation": {
        "bits_per_byte": 7.076750523354911,
        "byte_accuracy": 0.150177001953125,
        "evaluated_bytes": 65536,
        "mean_bytes_per_patch": 3.1255246089278903,
        "patches": 20968
      },
      "wall_seconds": 2.7566760000772774
    },
    {
      "step": 610,
      "training_loss": 1.6930768489837646,
      "training_mean_bytes_per_patch": 3.139900344959755,
      "validation": {
        "bits_per_byte": 2.3460274007029644,
        "byte_accuracy": 0.5328216552734375,
        "evaluated_bytes": 65536,
        "mean_bytes_per_patch": 3.1255246089278903,
        "patches": 20968
      },
      "wall_seconds": 77.10160370008089
    },
    {
      "step": 1220,
      "training_loss": 1.5161577463150024,
      "training_mean_bytes_per_patch": 3.1459293394777266,
      "validation": {
        "bits_per_byte": 2.1372744774991808,
        "byte_accuracy": 0.5667877197265625,
        "evaluated_bytes": 65536,
        "mean_bytes_per_patch": 3.1255246089278903,
        "patches": 20968
      },
      "wall_seconds": 150.50796680001076
    },
    {
      "step": 1221,
      "training_loss": 1.5237289667129517,
      "training_mean_bytes_per_patch": 3.1171993911719937,
      "validation": {
        "bits_per_byte": 2.135506732324456,
        "byte_accuracy": 0.5671844482421875,
        "evaluated_bytes": 65536,
        "mean_bytes_per_patch": 3.1255246089278903,
        "patches": 20968
      },
      "wall_seconds": 153.152488599997
    }
  ],
  "expert_gradient_steps": [
    1221,
    1221,
    1214,
    1221,
    1221,
    1221,
    1221,
    1221
  ],
  "format": "layercake-adaptive-core-resume/1",
  "peak_memory": 546235392,
  "routing_assignments": [
    423990,
    427537,
    433867,
    433813,
    438652,
    428534,
    428853,
    434130
  ],
  "routing_entropy": 1201.7351573705673,
  "routing_observations": 1221,
  "run_fingerprint": "e09cac5d3eff646550c59df35d99a033383ea555c4361cbdf9c50b52be33d03e",
  "step": 1221,
  "wall_seconds": 153.152488599997
}