{
  "curves": [
    {
      "step": 1,
      "training_loss": 6.394481182098389,
      "training_mean_bytes_per_patch": 3.357377049180328,
      "validation": {
        "bits_per_byte": 7.080333996863951,
        "byte_accuracy": 0.1620941162109375,
        "evaluated_bytes": 65536,
        "mean_bytes_per_patch": 3.3620273944492896,
        "patches": 19493
      },
      "wall_seconds": 0.32412429992109537
    },
    {
      "step": 6103,
      "training_loss": 1.564365029335022,
      "training_mean_bytes_per_patch": 3.404821280133001,
      "validation": {
        "bits_per_byte": 1.9452514031342216,
        "byte_accuracy": 0.6001739501953125,
        "evaluated_bytes": 65536,
        "mean_bytes_per_patch": 3.3620273944492896,
        "patches": 19493
      },
      "wall_seconds": 264.8238561999751
    },
    {
      "step": 12206,
      "training_loss": 1.47500741481781,
      "training_mean_bytes_per_patch": 3.3355048859934855,
      "validation": {
        "bits_per_byte": 1.8604755812111637,
        "byte_accuracy": 0.6152801513671875,
        "evaluated_bytes": 65536,
        "mean_bytes_per_patch": 3.3620273944492896,
        "patches": 19493
      },
      "wall_seconds": 529.4160336999921
    },
    {
      "step": 12207,
      "training_loss": 1.4909040927886963,
      "training_mean_bytes_per_patch": 3.37119341563786,
      "validation": {
        "bits_per_byte": 1.8605861929279577,
        "byte_accuracy": 0.61517333984375,
        "evaluated_bytes": 65536,
        "mean_bytes_per_patch": 3.3620273944492896,
        "patches": 19493
      },
      "wall_seconds": 529.8103304000106
    }
  ],
  "expert_gradient_steps": [
    12207,
    12207,
    12207,
    12207,
    12207,
    12200,
    12207,
    12205
  ],
  "format": "layercake-adaptive-core-resume/1",
  "peak_memory": 626240512,
  "routing_assignments": [
    4071322,
    4070796,
    4076353,
    4073439,
    4070123,
    4074245,
    4071706,
    4065808
  ],
  "routing_entropy": 12188.576691865921,
  "routing_observations": 12207,
  "run_fingerprint": "c1f0a44a48a9da3c461086b89e089d3ef3fca2bb14358a5aa7e9604f1ceb694f",
  "step": 12207,
  "wall_seconds": 529.8103304000106
}