{
  "curves": [
    {
      "step": 1,
      "training_loss": 5.763047695159912,
      "training_mean_bytes_per_patch": 3.1279114165712105,
      "validation": {
        "bits_per_byte": 7.252017827870885,
        "byte_accuracy": 0.150360107421875,
        "evaluated_bytes": 65536,
        "mean_bytes_per_patch": 3.1255246089278903,
        "patches": 20968
      },
      "wall_seconds": 2.812062400043942
    },
    {
      "step": 610,
      "training_loss": 1.5746194124221802,
      "training_mean_bytes_per_patch": 3.1374952125622366,
      "validation": {
        "bits_per_byte": 2.3102671448493015,
        "byte_accuracy": 0.5401611328125,
        "evaluated_bytes": 65536,
        "mean_bytes_per_patch": 3.1255246089278903,
        "patches": 20968
      },
      "wall_seconds": 75.78140199999325
    },
    {
      "step": 1220,
      "training_loss": 1.5187344551086426,
      "training_mean_bytes_per_patch": 3.1195734958111196,
      "validation": {
        "bits_per_byte": 2.094231266954973,
        "byte_accuracy": 0.5753173828125,
        "evaluated_bytes": 65536,
        "mean_bytes_per_patch": 3.1255246089278903,
        "patches": 20968
      },
      "wall_seconds": 148.18813590006903
    },
    {
      "step": 1221,
      "training_loss": 1.4638339281082153,
      "training_mean_bytes_per_patch": 3.1653786707882534,
      "validation": {
        "bits_per_byte": 2.095564782808558,
        "byte_accuracy": 0.5760498046875,
        "evaluated_bytes": 65536,
        "mean_bytes_per_patch": 3.1255246089278903,
        "patches": 20968
      },
      "wall_seconds": 150.94973640004173
    }
  ],
  "expert_gradient_steps": [
    1221,
    1221,
    1221,
    1221,
    1221,
    1221,
    1221,
    1221
  ],
  "format": "layercake-adaptive-core-resume/1",
  "peak_memory": 558991872,
  "routing_assignments": [
    431447,
    434555,
    430420,
    424993,
    431639,
    434911,
    430655,
    429572
  ],
  "routing_entropy": 1206.0932705402374,
  "routing_observations": 1221,
  "run_fingerprint": "3555b7c8cab19e425024d717f4527f34a38c95c08aefa54f375fe51eaf7f0851",
  "step": 1221,
  "wall_seconds": 150.94973640004173
}