{
  "architecture_hash": "1b8d0d00783d3f4c97958a67d1031d25340396e3bd8764a74552fc6508d781fa",
  "format": "layercake-phase2-quality-seeds/1",
  "records": [
    {
      "architecture_selection_bpb": 1.6419856704870068,
      "checkpoint_sha256": "fc8d32c77bfa9d39152a6d32436c4dbbf767f9d1c88f3de17fec84a24bd3f781",
      "raw_training_bytes": 120020992,
      "seed": 9824,
      "test_accessed": true,
      "test_bpb": 1.7622218464384813,
      "tokenizer_sha256": "d1c03801fd9559b8586490733a3788439ff230bf5f09666a0abb7ddb615e9f10",
      "validation_bpb": 1.6500439132561247,
      "validation_calibration_error": 0.010731647183347737
    },
    {
      "architecture_selection_bpb": 1.6456170419349154,
      "checkpoint_sha256": "fa8f2e2d14afee8fa163ed178c7883d7480ba637d908d3a7879006a8d2c626af",
      "raw_training_bytes": 120020992,
      "seed": 9825,
      "test_accessed": true,
      "test_bpb": 1.7776061427111274,
      "tokenizer_sha256": "d1c03801fd9559b8586490733a3788439ff230bf5f09666a0abb7ddb615e9f10",
      "validation_bpb": 1.6537446029894722,
      "validation_calibration_error": 0.008607029801873334
    },
    {
      "architecture_selection_bpb": 1.6475733737204095,
      "checkpoint_sha256": "fada9ab6ae56d387b07da19797a4df0ba3793cf1de14dcbce17f09e790187c74",
      "raw_training_bytes": 120020992,
      "seed": 9826,
      "test_accessed": true,
      "test_bpb": 1.773729188760199,
      "tokenizer_sha256": "d1c03801fd9559b8586490733a3788439ff230bf5f09666a0abb7ddb615e9f10",
      "validation_bpb": 1.6585408226200933,
      "validation_calibration_error": 0.01132492506793975
    }
  ],
  "reference": {
    "checkpoint_sha256": "32a60dd4ec6597823f4ea99743239433f73b450353006fbf92a7952983ee453c",
    "model_id": "bpe-reference",
    "validation_bpb": 1.6873530535092476,
    "validation_calibration_error": 0.007791228632660685
  },
  "test_access_authorized_after_architecture_freeze": true
}
