{
  "curves": [
    {
      "step": 1,
      "training_loss": 5.67240047454834,
      "training_mean_bytes_per_patch": 3.376751854905194,
      "validation": {
        "bits_per_byte": 7.0027819675995415,
        "byte_accuracy": 0.17767333984375,
        "evaluated_bytes": 32768,
        "mean_bytes_per_patch": 3.3649620045183815,
        "patches": 9738
      },
      "wall_seconds": 0.21367870003450662
    },
    {
      "step": 610,
      "training_loss": 1.7252044677734375,
      "training_mean_bytes_per_patch": 3.3355048859934855,
      "validation": {
        "bits_per_byte": 2.4523080461535227,
        "byte_accuracy": 0.510284423828125,
        "evaluated_bytes": 32768,
        "mean_bytes_per_patch": 3.3649620045183815,
        "patches": 9738
      },
      "wall_seconds": 26.701159700052813
    },
    {
      "step": 1220,
      "training_loss": 1.6058167219161987,
      "training_mean_bytes_per_patch": 3.3851239669421487,
      "validation": {
        "bits_per_byte": 2.2174180649593214,
        "byte_accuracy": 0.54864501953125,
        "evaluated_bytes": 32768,
        "mean_bytes_per_patch": 3.3649620045183815,
        "patches": 9738
      },
      "wall_seconds": 53.453992500086315
    },
    {
      "step": 1221,
      "training_loss": 1.6028252840042114,
      "training_mean_bytes_per_patch": 3.396351575456053,
      "validation": {
        "bits_per_byte": 2.2145033137414143,
        "byte_accuracy": 0.549652099609375,
        "evaluated_bytes": 32768,
        "mean_bytes_per_patch": 3.3649620045183815,
        "patches": 9738
      },
      "wall_seconds": 53.73947820009198
    }
  ],
  "expert_gradient_steps": [
    1221,
    1221,
    1221,
    1221,
    1221,
    1221,
    1221,
    1217
  ],
  "format": "layercake-adaptive-core-resume/1",
  "peak_memory": 673760768,
  "routing_assignments": [
    409738,
    404980,
    410339,
    405974,
    403943,
    406631,
    406464,
    407675
  ],
  "routing_entropy": 1211.3254858255386,
  "routing_observations": 1221,
  "run_fingerprint": "67fb3b054dc4ddacf04aa54b0fa52999466e9eeaed1406005f40002f87d541c8",
  "step": 1221,
  "wall_seconds": 53.73947820009198
}