{
  "curves": [
    {
      "step": 1,
      "training_loss": 5.848705768585205,
      "training_mean_bytes_per_patch": 3.311236863379143,
      "validation": {
        "bits_per_byte": 7.137860903707679,
        "byte_accuracy": 0.1287994384765625,
        "evaluated_bytes": 65536,
        "mean_bytes_per_patch": 3.3620273944492896,
        "patches": 19493
      },
      "wall_seconds": 0.5884098999667913
    },
    {
      "step": 6103,
      "training_loss": 1.4526036977767944,
      "training_mean_bytes_per_patch": 3.380932728023112,
      "validation": {
        "bits_per_byte": 1.9949360354600516,
        "byte_accuracy": 0.5883636474609375,
        "evaluated_bytes": 65536,
        "mean_bytes_per_patch": 3.3620273944492896,
        "patches": 19493
      },
      "wall_seconds": 228.4961733999662
    },
    {
      "step": 12206,
      "training_loss": 1.39230477809906,
      "training_mean_bytes_per_patch": 3.3977602654500205,
      "validation": {
        "bits_per_byte": 1.90377695383769,
        "byte_accuracy": 0.60943603515625,
        "evaluated_bytes": 65536,
        "mean_bytes_per_patch": 3.3620273944492896,
        "patches": 19493
      },
      "wall_seconds": 452.7558501000749
    },
    {
      "step": 12207,
      "training_loss": 1.3669345378875732,
      "training_mean_bytes_per_patch": 3.3532541956610724,
      "validation": {
        "bits_per_byte": 1.90363192946735,
        "byte_accuracy": 0.60906982421875,
        "evaluated_bytes": 65536,
        "mean_bytes_per_patch": 3.3620273944492896,
        "patches": 19493
      },
      "wall_seconds": 453.13502469996456
    }
  ],
  "expert_gradient_steps": [
    12207,
    12207,
    12207,
    12207,
    12207,
    12207,
    12207,
    12207
  ],
  "format": "layercake-adaptive-core-resume/1",
  "peak_memory": 454663680,
  "routing_assignments": [
    4103593,
    4067046,
    4062532,
    4071136,
    4064455,
    4062393,
    4070020,
    4059753
  ],
  "routing_entropy": 12181.557630777359,
  "routing_observations": 12207,
  "run_fingerprint": "fcb49e045d949d72b726b41967b3ed1384ba0bba2eb566de6e97383d7a798450",
  "step": 12207,
  "wall_seconds": 453.13502469996456
}