{
  "curves": [
    {
      "step": 1,
      "training_loss": 5.890895366668701,
      "training_mean_bytes_per_patch": 3.148347425057648,
      "validation": {
        "bits_per_byte": 7.338435132830646,
        "byte_accuracy": 0.1379241943359375,
        "evaluated_bytes": 65536,
        "mean_bytes_per_patch": 3.1255246089278903,
        "patches": 20968
      },
      "wall_seconds": 5.441813900019042
    },
    {
      "step": 610,
      "training_loss": 1.6465836763381958,
      "training_mean_bytes_per_patch": 3.156840077071291,
      "validation": {
        "bits_per_byte": 2.351194334601872,
        "byte_accuracy": 0.527862548828125,
        "evaluated_bytes": 65536,
        "mean_bytes_per_patch": 3.1255246089278903,
        "patches": 20968
      },
      "wall_seconds": 191.88266100001056
    },
    {
      "step": 1220,
      "training_loss": 1.5355641841888428,
      "training_mean_bytes_per_patch": 3.1411042944785277,
      "validation": {
        "bits_per_byte": 2.176837807209204,
        "byte_accuracy": 0.5589141845703125,
        "evaluated_bytes": 65536,
        "mean_bytes_per_patch": 3.1255246089278903,
        "patches": 20968
      },
      "wall_seconds": 380.14815849997103
    },
    {
      "step": 1221,
      "training_loss": 1.496100664138794,
      "training_mean_bytes_per_patch": 3.1374952125622366,
      "validation": {
        "bits_per_byte": 2.176610387025727,
        "byte_accuracy": 0.558929443359375,
        "evaluated_bytes": 65536,
        "mean_bytes_per_patch": 3.1255246089278903,
        "patches": 20968
      },
      "wall_seconds": 385.3522954999935
    }
  ],
  "expert_gradient_steps": [
    1221,
    1220,
    1221,
    1221,
    1219,
    1221,
    1221,
    1221
  ],
  "format": "layercake-adaptive-core-resume/1",
  "peak_memory": 519660032,
  "routing_assignments": [
    425276,
    425542,
    425247,
    428524,
    423461,
    439157,
    448300,
    431789
  ],
  "routing_entropy": 1185.9635856747627,
  "routing_observations": 1221,
  "run_fingerprint": "470a79a564fd93bd3ba6751615ddf84ed06b37e91287471e9ccb169622924e4a",
  "step": 1221,
  "wall_seconds": 385.3522954999935
}