{
  "curves": [
    {
      "step": 1,
      "training_loss": 7.075575828552246,
      "training_mean_bytes_per_patch": 3.3656532456861132,
      "validation": {
        "bits_per_byte": 6.970086990778953,
        "byte_accuracy": 0.1815185546875,
        "evaluated_bytes": 32768,
        "mean_bytes_per_patch": 3.3649620045183815,
        "patches": 9738
      },
      "wall_seconds": 0.2028580999467522
    },
    {
      "step": 610,
      "training_loss": 2.47012996673584,
      "training_mean_bytes_per_patch": 3.301894397420395,
      "validation": {
        "bits_per_byte": 2.426723208331652,
        "byte_accuracy": 0.511749267578125,
        "evaluated_bytes": 32768,
        "mean_bytes_per_patch": 3.3649620045183815,
        "patches": 9738
      },
      "wall_seconds": 27.714593300013803
    },
    {
      "step": 1220,
      "training_loss": 2.1128342151641846,
      "training_mean_bytes_per_patch": 3.3314355429036193,
      "validation": {
        "bits_per_byte": 2.203068584995426,
        "byte_accuracy": 0.55078125,
        "evaluated_bytes": 32768,
        "mean_bytes_per_patch": 3.3649620045183815,
        "patches": 9738
      },
      "wall_seconds": 55.20066890004091
    },
    {
      "step": 1221,
      "training_loss": 2.0477957725524902,
      "training_mean_bytes_per_patch": 3.34640522875817,
      "validation": {
        "bits_per_byte": 2.2033679637949155,
        "byte_accuracy": 0.55096435546875,
        "evaluated_bytes": 32768,
        "mean_bytes_per_patch": 3.3649620045183815,
        "patches": 9738
      },
      "wall_seconds": 55.479963200050406
    }
  ],
  "expert_gradient_steps": [
    1221,
    1221,
    1221,
    1220,
    1221,
    1221,
    1221,
    1221
  ],
  "format": "layercake-adaptive-core-resume/1",
  "peak_memory": 621903872,
  "routing_assignments": [
    407545,
    414724,
    405779,
    404710,
    408642,
    407377,
    404476,
    404187
  ],
  "routing_entropy": 1212.24266654253,
  "routing_observations": 1221,
  "run_fingerprint": "aedb907387202585330d88bcd85c4bd2aaff202b7cb3f3d745fb88e8778eefd6",
  "step": 1221,
  "wall_seconds": 55.479963200050406
}