{
  "curves": [
    {
      "step": 1,
      "training_loss": 5.734561443328857,
      "training_mean_bytes_per_patch": 3.311236863379143,
      "validation": {
        "bits_per_byte": 6.737564103548818,
        "byte_accuracy": 0.1839752197265625,
        "evaluated_bytes": 65536,
        "mean_bytes_per_patch": 3.3620273944492896,
        "patches": 19493
      },
      "wall_seconds": 0.37086849997285753
    },
    {
      "step": 6103,
      "training_loss": 1.4110734462738037,
      "training_mean_bytes_per_patch": 3.380932728023112,
      "validation": {
        "bits_per_byte": 1.9455077217775012,
        "byte_accuracy": 0.5987701416015625,
        "evaluated_bytes": 65536,
        "mean_bytes_per_patch": 3.3620273944492896,
        "patches": 19493
      },
      "wall_seconds": 292.8405836999882
    },
    {
      "step": 12206,
      "training_loss": 1.3457510471343994,
      "training_mean_bytes_per_patch": 3.3977602654500205,
      "validation": {
        "bits_per_byte": 1.8519541310816348,
        "byte_accuracy": 0.6180419921875,
        "evaluated_bytes": 65536,
        "mean_bytes_per_patch": 3.3620273944492896,
        "patches": 19493
      },
      "wall_seconds": 599.1293467999203
    },
    {
      "step": 12207,
      "training_loss": 1.322510838508606,
      "training_mean_bytes_per_patch": 3.3532541956610724,
      "validation": {
        "bits_per_byte": 1.8521446556120438,
        "byte_accuracy": 0.61761474609375,
        "evaluated_bytes": 65536,
        "mean_bytes_per_patch": 3.3620273944492896,
        "patches": 19493
      },
      "wall_seconds": 599.6051765999291
    }
  ],
  "expert_gradient_steps": [
    12207,
    12207,
    12207,
    12207,
    12207,
    12207,
    12207,
    12207
  ],
  "format": "layercake-adaptive-core-resume/1",
  "peak_memory": 606242304,
  "routing_assignments": [
    4078372,
    4071332,
    4076680,
    4064397,
    4063582,
    4066810,
    4071462,
    4068293
  ],
  "routing_entropy": 12187.955682754517,
  "routing_observations": 12207,
  "run_fingerprint": "34eee20c6763af371b1aea24adf2bbd451183d2f3fcec04197d0606fa015e600",
  "step": 12207,
  "wall_seconds": 599.6051765999291
}