{
  "curves": [
    {
      "step": 1,
      "training_loss": 5.561311721801758,
      "training_mean_bytes_per_patch": 3.30989898989899,
      "validation": {
        "bits_per_byte": 7.005495079908227,
        "byte_accuracy": 0.187408447265625,
        "evaluated_bytes": 32768,
        "mean_bytes_per_patch": 3.3649620045183815,
        "patches": 9738
      },
      "wall_seconds": 0.2026088999118656
    },
    {
      "step": 610,
      "training_loss": 1.7996041774749756,
      "training_mean_bytes_per_patch": 3.3893256102606535,
      "validation": {
        "bits_per_byte": 2.6211268719243117,
        "byte_accuracy": 0.485443115234375,
        "evaluated_bytes": 32768,
        "mean_bytes_per_patch": 3.3649620045183815,
        "patches": 9738
      },
      "wall_seconds": 20.924652999965474
    },
    {
      "step": 1220,
      "training_loss": 1.6905173063278198,
      "training_mean_bytes_per_patch": 3.3287281592848434,
      "validation": {
        "bits_per_byte": 2.3518279993045184,
        "byte_accuracy": 0.530731201171875,
        "evaluated_bytes": 32768,
        "mean_bytes_per_patch": 3.3649620045183815,
        "patches": 9738
      },
      "wall_seconds": 41.518716399907134
    },
    {
      "step": 1221,
      "training_loss": 1.6801625490188599,
      "training_mean_bytes_per_patch": 3.3477727829995914,
      "validation": {
        "bits_per_byte": 2.357810018104901,
        "byte_accuracy": 0.530792236328125,
        "evaluated_bytes": 32768,
        "mean_bytes_per_patch": 3.3649620045183815,
        "patches": 9738
      },
      "wall_seconds": 41.742816900019534
    }
  ],
  "expert_gradient_steps": [
    1221,
    1221,
    1221,
    1221,
    1221,
    1221,
    1221,
    1221
  ],
  "format": "layercake-adaptive-core-resume/1",
  "peak_memory": 573494784,
  "routing_assignments": [
    406323,
    406800,
    408943,
    407370,
    408554,
    406639,
    407627,
    409472
  ],
  "routing_entropy": 1204.2283374667168,
  "routing_observations": 1221,
  "run_fingerprint": "d7ce546497d0280000927ce80e5fbe3d2779b48f690ff1c6e385411271ac8952",
  "step": 1221,
  "wall_seconds": 41.742816900019534
}