{
  "curves": [
    {
      "step": 1,
      "training_loss": 6.407559871673584,
      "training_mean_bytes_per_patch": 3.357377049180328,
      "validation": {
        "bits_per_byte": 6.984097234964022,
        "byte_accuracy": 0.1858367919921875,
        "evaluated_bytes": 65536,
        "mean_bytes_per_patch": 3.3620273944492896,
        "patches": 19493
      },
      "wall_seconds": 0.315076700062491
    },
    {
      "step": 6103,
      "training_loss": 1.5961676836013794,
      "training_mean_bytes_per_patch": 3.404821280133001,
      "validation": {
        "bits_per_byte": 1.9709623741071265,
        "byte_accuracy": 0.59478759765625,
        "evaluated_bytes": 65536,
        "mean_bytes_per_patch": 3.3620273944492896,
        "patches": 19493
      },
      "wall_seconds": 250.1953116999939
    },
    {
      "step": 12206,
      "training_loss": 1.496372938156128,
      "training_mean_bytes_per_patch": 3.3355048859934855,
      "validation": {
        "bits_per_byte": 1.8893634587064692,
        "byte_accuracy": 0.610504150390625,
        "evaluated_bytes": 65536,
        "mean_bytes_per_patch": 3.3620273944492896,
        "patches": 19493
      },
      "wall_seconds": 537.0323560000397
    },
    {
      "step": 12207,
      "training_loss": 1.5152174234390259,
      "training_mean_bytes_per_patch": 3.37119341563786,
      "validation": {
        "bits_per_byte": 1.889346926874155,
        "byte_accuracy": 0.6104278564453125,
        "evaluated_bytes": 65536,
        "mean_bytes_per_patch": 3.3620273944492896,
        "patches": 19493
      },
      "wall_seconds": 537.421073500067
    }
  ],
  "expert_gradient_steps": [
    12207,
    12207,
    12207,
    12207,
    12207,
    12202,
    12207,
    12207
  ],
  "format": "layercake-adaptive-core-resume/1",
  "peak_memory": 563058176,
  "routing_assignments": [
    4069245,
    4074587,
    4095370,
    4071452,
    4067363,
    4063695,
    4073593,
    4058487
  ],
  "routing_entropy": 12186.675264835358,
  "routing_observations": 12207,
  "run_fingerprint": "6c4213401a497d43c2efab13316513d37a600116345dbf235be71c6f00a3fbf5",
  "step": 12207,
  "wall_seconds": 537.421073500067
}