{
  "curves": [
    {
      "step": 1,
      "training_loss": 5.59739875793457,
      "training_mean_bytes_per_patch": 3.132695984703633,
      "validation": {
        "bits_per_byte": 6.928932638816883,
        "byte_accuracy": 0.186676025390625,
        "evaluated_bytes": 65536,
        "mean_bytes_per_patch": 3.1255246089278903,
        "patches": 20968
      },
      "wall_seconds": 5.620258399983868
    },
    {
      "step": 610,
      "training_loss": 1.7159286737442017,
      "training_mean_bytes_per_patch": 3.1160136934195513,
      "validation": {
        "bits_per_byte": 2.379887930820739,
        "byte_accuracy": 0.52386474609375,
        "evaluated_bytes": 65536,
        "mean_bytes_per_patch": 3.1255246089278903,
        "patches": 20968
      },
      "wall_seconds": 136.47986890003085
    },
    {
      "step": 1220,
      "training_loss": 1.5876617431640625,
      "training_mean_bytes_per_patch": 3.147137917787169,
      "validation": {
        "bits_per_byte": 2.177833054686374,
        "byte_accuracy": 0.558502197265625,
        "evaluated_bytes": 65536,
        "mean_bytes_per_patch": 3.1255246089278903,
        "patches": 20968
      },
      "wall_seconds": 265.8299946000334
    },
    {
      "step": 1221,
      "training_loss": 1.5803871154785156,
      "training_mean_bytes_per_patch": 3.120761904761905,
      "validation": {
        "bits_per_byte": 2.1777962235267996,
        "byte_accuracy": 0.5575714111328125,
        "evaluated_bytes": 65536,
        "mean_bytes_per_patch": 3.1255246089278903,
        "patches": 20968
      },
      "wall_seconds": 271.150686900015
    }
  ],
  "expert_gradient_steps": [
    1221,
    1221,
    1221,
    1221,
    1221,
    1221,
    1221,
    1221
  ],
  "format": "layercake-adaptive-core-resume/1",
  "peak_memory": 484751360,
  "routing_assignments": [
    426666,
    438242,
    429022,
    429459,
    445835,
    427055,
    429647,
    420762
  ],
  "routing_entropy": 1195.9012110233307,
  "routing_observations": 1221,
  "run_fingerprint": "0689cc6626f48ffbbd1153e55710210e54e136c78c1a730783eb6d6842451188",
  "step": 1221,
  "wall_seconds": 271.150686900015
}