{
  "curves": [
    {
      "step": 1,
      "training_loss": 5.695606708526611,
      "training_mean_bytes_per_patch": 3.3382233088834554,
      "validation": {
        "bits_per_byte": 6.89864423672765,
        "byte_accuracy": 0.182342529296875,
        "evaluated_bytes": 32768,
        "mean_bytes_per_patch": 3.3649620045183815,
        "patches": 9738
      },
      "wall_seconds": 0.2628586000064388
    },
    {
      "step": 610,
      "training_loss": 1.760092854499817,
      "training_mean_bytes_per_patch": 3.3656532456861132,
      "validation": {
        "bits_per_byte": 2.525351055775442,
        "byte_accuracy": 0.493896484375,
        "evaluated_bytes": 32768,
        "mean_bytes_per_patch": 3.3649620045183815,
        "patches": 9738
      },
      "wall_seconds": 36.87311719998252
    },
    {
      "step": 1220,
      "training_loss": 1.628604769706726,
      "training_mean_bytes_per_patch": 3.4005811540058115,
      "validation": {
        "bits_per_byte": 2.276556513735128,
        "byte_accuracy": 0.540863037109375,
        "evaluated_bytes": 32768,
        "mean_bytes_per_patch": 3.3649620045183815,
        "patches": 9738
      },
      "wall_seconds": 78.05705990002025
    },
    {
      "step": 1221,
      "training_loss": 1.6544452905654907,
      "training_mean_bytes_per_patch": 3.3781443298969074,
      "validation": {
        "bits_per_byte": 2.2777266299470202,
        "byte_accuracy": 0.53912353515625,
        "evaluated_bytes": 32768,
        "mean_bytes_per_patch": 3.3649620045183815,
        "patches": 9738
      },
      "wall_seconds": 78.49911790003534
    }
  ],
  "expert_gradient_steps": [
    1221,
    1221,
    1221,
    1221,
    1221,
    1221,
    1221,
    1221
  ],
  "format": "layercake-adaptive-core-resume/1",
  "peak_memory": 615123968,
  "routing_assignments": [
    405695,
    409473,
    408678,
    404539,
    410990,
    411884,
    405926,
    403231
  ],
  "routing_entropy": 1211.4761633872986,
  "routing_observations": 1221,
  "run_fingerprint": "df871eb98a02db92a2ef7b311af87991f1ea0f3e975c4ebb3c8446bf37d4471a",
  "step": 1221,
  "wall_seconds": 78.49911790003534
}