{
  "curves": [
    {
      "step": 1,
      "training_loss": 7.269047737121582,
      "training_mean_bytes_per_patch": 3.3656532456861132,
      "validation": {
        "bits_per_byte": 7.143848372208311,
        "byte_accuracy": 0.156341552734375,
        "evaluated_bytes": 32768,
        "mean_bytes_per_patch": 3.3649620045183815,
        "patches": 9738
      },
      "wall_seconds": 0.1977672999491915
    },
    {
      "step": 610,
      "training_loss": 2.485898494720459,
      "training_mean_bytes_per_patch": 3.301894397420395,
      "validation": {
        "bits_per_byte": 2.453280995005116,
        "byte_accuracy": 0.508148193359375,
        "evaluated_bytes": 32768,
        "mean_bytes_per_patch": 3.3649620045183815,
        "patches": 9738
      },
      "wall_seconds": 25.682112199952826
    },
    {
      "step": 1220,
      "training_loss": 2.138335704803467,
      "training_mean_bytes_per_patch": 3.3314355429036193,
      "validation": {
        "bits_per_byte": 2.233799810163884,
        "byte_accuracy": 0.546112060546875,
        "evaluated_bytes": 32768,
        "mean_bytes_per_patch": 3.3649620045183815,
        "patches": 9738
      },
      "wall_seconds": 51.83984549995512
    },
    {
      "step": 1221,
      "training_loss": 2.081249475479126,
      "training_mean_bytes_per_patch": 3.34640522875817,
      "validation": {
        "bits_per_byte": 2.233995827390205,
        "byte_accuracy": 0.545928955078125,
        "evaluated_bytes": 32768,
        "mean_bytes_per_patch": 3.3649620045183815,
        "patches": 9738
      },
      "wall_seconds": 52.120058099972084
    }
  ],
  "expert_gradient_steps": [
    1221,
    1221,
    1221,
    1221,
    1221,
    1221,
    1221,
    1221
  ],
  "format": "layercake-adaptive-core-resume/1",
  "peak_memory": 621903872,
  "routing_assignments": [
    408929,
    408473,
    412110,
    406957,
    405365,
    406769,
    405009,
    403828
  ],
  "routing_entropy": 1212.4738152623177,
  "routing_observations": 1221,
  "run_fingerprint": "8897a40cec8f13f42781fe2bd31d9b8e7d16ea4d68c48b26ce7d9d78dabeaa0b",
  "step": 1221,
  "wall_seconds": 52.120058099972084
}