{
  "curves": [
    {
      "step": 1,
      "training_loss": 5.67240047454834,
      "training_mean_bytes_per_patch": 3.376751854905194,
      "validation": {
        "bits_per_byte": 7.002739659867429,
        "byte_accuracy": 0.177703857421875,
        "evaluated_bytes": 32768,
        "mean_bytes_per_patch": 3.3649620045183815,
        "patches": 9738
      },
      "wall_seconds": 0.20955559995491058
    },
    {
      "step": 610,
      "training_loss": 1.726643443107605,
      "training_mean_bytes_per_patch": 3.3355048859934855,
      "validation": {
        "bits_per_byte": 2.4433998500378658,
        "byte_accuracy": 0.508514404296875,
        "evaluated_bytes": 32768,
        "mean_bytes_per_patch": 3.3649620045183815,
        "patches": 9738
      },
      "wall_seconds": 26.9226279000286
    },
    {
      "step": 1220,
      "training_loss": 1.593938946723938,
      "training_mean_bytes_per_patch": 3.3851239669421487,
      "validation": {
        "bits_per_byte": 2.2103273600001514,
        "byte_accuracy": 0.551116943359375,
        "evaluated_bytes": 32768,
        "mean_bytes_per_patch": 3.3649620045183815,
        "patches": 9738
      },
      "wall_seconds": 53.54405040002894
    },
    {
      "step": 1221,
      "training_loss": 1.604860544204712,
      "training_mean_bytes_per_patch": 3.396351575456053,
      "validation": {
        "bits_per_byte": 2.2101408555642066,
        "byte_accuracy": 0.55120849609375,
        "evaluated_bytes": 32768,
        "mean_bytes_per_patch": 3.3649620045183815,
        "patches": 9738
      },
      "wall_seconds": 53.81178430002183
    }
  ],
  "expert_gradient_steps": [
    1221,
    1221,
    1221,
    1221,
    1221,
    1221,
    1221,
    1217
  ],
  "format": "layercake-adaptive-core-resume/1",
  "peak_memory": 673760768,
  "routing_assignments": [
    410455,
    404800,
    409831,
    403663,
    405185,
    407182,
    405398,
    409230
  ],
  "routing_entropy": 1211.061485350132,
  "routing_observations": 1221,
  "run_fingerprint": "fbc0491d507f7bbc19497e1bedc45ea5af2942b9cd8a39172a96b74833f161bb",
  "step": 1221,
  "wall_seconds": 53.81178430002183
}