{
  "curves": [
    {
      "step": 1,
      "training_loss": 6.322489261627197,
      "training_mean_bytes_per_patch": 3.3355048859934855,
      "validation": {
        "bits_per_byte": 7.133136561786309,
        "byte_accuracy": 0.171295166015625,
        "evaluated_bytes": 32768,
        "mean_bytes_per_patch": 3.3649620045183815,
        "patches": 9738
      },
      "wall_seconds": 0.2102286999579519
    },
    {
      "step": 610,
      "training_loss": 2.0710880756378174,
      "training_mean_bytes_per_patch": 3.3851239669421487,
      "validation": {
        "bits_per_byte": 2.5158039763585776,
        "byte_accuracy": 0.49627685546875,
        "evaluated_bytes": 32768,
        "mean_bytes_per_patch": 3.3649620045183815,
        "patches": 9738
      },
      "wall_seconds": 26.567591200000606
    },
    {
      "step": 1220,
      "training_loss": 1.8853096961975098,
      "training_mean_bytes_per_patch": 3.4133333333333336,
      "validation": {
        "bits_per_byte": 2.2875778929286827,
        "byte_accuracy": 0.537017822265625,
        "evaluated_bytes": 32768,
        "mean_bytes_per_patch": 3.3649620045183815,
        "patches": 9738
      },
      "wall_seconds": 52.520970699959435
    },
    {
      "step": 1221,
      "training_loss": 1.9052467346191406,
      "training_mean_bytes_per_patch": 3.380932728023112,
      "validation": {
        "bits_per_byte": 2.2846838656202046,
        "byte_accuracy": 0.53765869140625,
        "evaluated_bytes": 32768,
        "mean_bytes_per_patch": 3.3649620045183815,
        "patches": 9738
      },
      "wall_seconds": 52.78923130000476
    }
  ],
  "expert_gradient_steps": [
    1221,
    1221,
    1221,
    1221,
    1221,
    1221,
    1221,
    1221
  ],
  "format": "layercake-adaptive-core-resume/1",
  "peak_memory": 617483264,
  "routing_assignments": [
    405274,
    404794,
    406031,
    407576,
    407050,
    409232,
    406005,
    411670
  ],
  "routing_entropy": 1213.0125173330307,
  "routing_observations": 1221,
  "run_fingerprint": "ab30f2748d9cdcaa504744caaa676060449d6d0b8eb2cde3afdb590a2e37269a",
  "step": 1221,
  "wall_seconds": 52.78923130000476
}