{
  "B": {
    "lc": {
      "train_ppl": 59.69757470992362,
      "eval_ppl": 66.42352598864777,
      "time": 1505.2162261009216
    },
    "bl": {
      "train_ppl": 56.5312086538544,
      "eval_ppl": 64.46415188555714,
      "time": 1431.037166595459
    },
    "lc_params": 42392066,
    "bl_params": 42404500,
    "advantage": -3.039478602881629
  }
}