{
  "elapsed_seconds": 28.062015056610107,
  "general": {
    "bpb": 2.4243116245959597,
    "bytes_per_token": 2.7584684982897496,
    "nll_per_token": 4.63534361521403,
    "token_ppl": 103.06332603834502
  },
  "model": "BPE-token-transformer",
  "parameters": 629376,
  "python_domain": {
    "bpb": 5.694332966152546,
    "bytes_per_token": 1.8275187777554414,
    "nll_per_token": 7.2132364273071286,
    "token_ppl": 1357.2778979111115
  },
  "steps": 4000,
  "vocab_size": 2048
}
