{
  "batch": 24,
  "byte_parameters": 693952,
  "device": "cuda",
  "global_sequence_reduction": 4,
  "iterations": 300,
  "patch_parameters": 349888,
  "rounds": 9,
  "rows": [
    {
      "bytes": 921600,
      "bytes_per_second": 1457994.6147075286,
      "path": "byte_base",
      "peak_memory_bytes": 36582912,
      "round_seconds": [
        0.6615968002006412,
        0.6371064998675138,
        0.6321011001709849,
        0.6267649999354035,
        0.6380155999213457,
        0.6267544999718666,
        0.6717507999856025,
        0.6292271001730114,
        0.6282937999349087
      ],
      "seconds": 0.6321011001709849
    },
    {
      "bytes": 921600,
      "bytes_per_second": 1158996.5728107619,
      "path": "byte_brick",
      "peak_memory_bytes": 73160192,
      "round_seconds": [
        0.983179499860853,
        0.7951705998275429,
        0.791777899954468,
        0.7999634998850524,
        0.7925488001201302,
        0.7896394999697804,
        0.7932495002169162,
        0.7997131000738591,
        0.8153369999490678
      ],
      "seconds": 0.7951705998275429
    },
    {
      "bytes": 921600,
      "bytes_per_second": 2088655.44581345,
      "path": "patch_base",
      "peak_memory_bytes": 48561152,
      "round_seconds": [
        1.4337110999040306,
        0.4132117999251932,
        0.4611875000409782,
        0.42177480016835034,
        0.4549855999648571,
        0.41610529995523393,
        0.41196949989534914,
        0.45066160010173917,
        0.4412408000789583
      ],
      "seconds": 0.4412408000789583
    },
    {
      "bytes": 921600,
      "bytes_per_second": 1601154.165342532,
      "path": "patch_brick",
      "peak_memory_bytes": 48561152,
      "round_seconds": [
        0.6101315999403596,
        0.5367582999169827,
        0.5821264998521656,
        0.5584837000351399,
        0.5964589000213891,
        0.5441502998583019,
        0.5931763001717627,
        0.5755847999826074,
        0.5619324999861419
      ],
      "seconds": 0.5755847999826074
    }
  ],
  "sequence_bytes": 128
}
