{
  "status": "PASS",
  "device": "cpu",
  "threads": 1,
  "batch": 1,
  "sequence_tokens": 48,
  "estimated_context_bytes": 128.57142857142856,
  "median_ms": 18.150849966332316,
  "tokens_per_second": 2644.5042567722357,
  "estimated_bytes_per_second": 7083.493544925631,
  "base_parameters": 14843840,
  "adapter_parameters": 95752
}
