{
  "contract": {
    "context_bytes": 128,
    "d_abi": 64,
    "eval_bytes": 100000,
    "eval_sha256": "a361e0a0beeb680dc277c6f1b8cb6cab35a89f6f1e79e7791ded09e69a553238",
    "patch_size": 4,
    "ppl_tolerance": 0.05,
    "same_eval_bytes": true,
    "unchanged_brick_payload": true
  },
  "equivalence": {
    "absolute_bpb_gap": 0.7995590318021497,
    "absolute_loss_gap": 0.5542120885849,
    "symmetric_ppl_ratio": 1.740569030148073,
    "target_over_source_nll_gain": 0.23686082885198043,
    "target_over_source_ppl": 1.740569030148073
  },
  "source": {
    "base": {
      "bpb": 7.714994528073681,
      "loss": 5.347626705169677,
      "ppl": 210.10905494178408
    },
    "brick": {
      "bpb": 5.828450053335857,
      "loss": 4.039973721504212,
      "ppl": 56.824849514279755
    },
    "d_model": 96,
    "nll_gain": 1.3076529836654656,
    "seed": 2028
  },
  "status": "FAIL",
  "target": {
    "base": {
      "bpb": 7.074857573090532,
      "loss": 4.903917579650879,
      "ppl": 134.81690244167808
    },
    "brick": {
      "bpb": 6.6280090851380065,
      "loss": 4.594185810089112,
      "ppl": 98.90757320738011
    },
    "d_model": 128,
    "nll_gain": 0.3097317695617674,
    "seed": 314
  }
}
