{
  "contract": {
    "context_bytes": 256,
    "d_abi": 96,
    "eval_bytes": 100000,
    "eval_sha256": "a361e0a0beeb680dc277c6f1b8cb6cab35a89f6f1e79e7791ded09e69a553238",
    "patch_size": 4,
    "ppl_tolerance": 0.05,
    "same_eval_bytes": true,
    "unchanged_brick_payload": true
  },
  "equivalence": {
    "absolute_bpb_gap": 1.0577065179531653,
    "absolute_loss_gap": 0.7331462907791138,
    "symmetric_ppl_ratio": 2.081619696198648,
    "target_over_source_nll_gain": 0.3220038708453963,
    "target_over_source_ppl": 2.081619696198648
  },
  "source": {
    "base": {
      "bpb": 7.273755192365292,
      "loss": 5.0417829036712645,
      "ppl": 154.74566583918565
    },
    "brick": {
      "bpb": 5.344429985070201,
      "loss": 3.7044765758514404,
      "ppl": 40.628775668006035
    },
    "d_model": 256,
    "nll_gain": 1.337306327819824,
    "seed": 4242
  },
  "status": "FAIL",
  "target": {
    "base": {
      "bpb": 7.023386687891982,
      "loss": 4.86824068069458,
      "ppl": 130.09184235817767
    },
    "brick": {
      "bpb": 6.402136503023367,
      "loss": 4.437622866630554,
      "ppl": 84.57365966295775
    },
    "d_model": 192,
    "nll_gain": 0.4306178140640258,
    "seed": 5151
  }
}
