{
  "status": "PASS",
  "device": "cuda",
  "batch": 8,
  "sequence_tokens": 64,
  "estimated_context_bytes": 171.42857142857142,
  "median_ms": 6.384600070305169,
  "tokens_per_second": 80192.96343733674,
  "estimated_bytes_per_second": 214802.5806357234,
  "base_parameters": 14843840,
  "adapter_parameters": 95752
}
