{
  "batch": 16,
  "byte_parameters": 7492864,
  "device": "cuda",
  "global_sequence_reduction": 2,
  "iterations": 200,
  "patch_parameters": 14724736,
  "rounds": 7,
  "rows": [
    {
      "bytes": 819200,
      "bytes_per_second": 291064.7112976177,
      "path": "byte_base",
      "peak_memory_bytes": 211195392,
      "round_seconds": [
        2.8144944000523537,
        2.78985400008969,
        2.811418999917805,
        2.798131600022316,
        2.8246940998360515,
        2.8231824999675155,
        3.070269900141284
      ],
      "seconds": 2.8144944000523537
    },
    {
      "bytes": 819200,
      "bytes_per_second": 291045.32203433005,
      "path": "byte_brick",
      "peak_memory_bytes": 211195392,
      "round_seconds": [
        2.8075664998032153,
        2.814681899966672,
        2.7988792001269758,
        2.806649599922821,
        2.8177943998016417,
        2.8219222999177873,
        2.88003440015018
      ],
      "seconds": 2.814681899966672
    },
    {
      "bytes": 819200,
      "bytes_per_second": 199116.28536786075,
      "path": "patch_base",
      "peak_memory_bytes": 230617600,
      "round_seconds": [
        4.265544899972156,
        4.100832700030878,
        4.105540900025517,
        4.1118570999242365,
        4.123982300050557,
        4.114178800024092,
        4.130401900038123
      ],
      "seconds": 4.114178800024092
    },
    {
      "bytes": 819200,
      "bytes_per_second": 199617.90424046374,
      "path": "patch_brick",
      "peak_memory_bytes": 230617600,
      "round_seconds": [
        4.072943800128996,
        4.113515000091866,
        4.103840299881995,
        4.1159200998954475,
        4.095984100131318,
        4.103341799927875,
        5.11765420017764
      ],
      "seconds": 4.103840299881995
    }
  ],
  "sequence_bytes": 256
}
