{
  "batch": 8,
  "byte_parameters": 25745536,
  "device": "cuda",
  "global_sequence_reduction": 4,
  "iterations": 100,
  "patch_parameters": 15446784,
  "rounds": 5,
  "rows": [
    {
      "bytes": 204800,
      "bytes_per_second": 92999.79043463188,
      "path": "byte_base",
      "peak_memory_bytes": 240219648,
      "round_seconds": [
        2.4650554000400007,
        2.202155499951914,
        2.1950691000092775,
        2.1754478998482227,
        2.23263580002822
      ],
      "seconds": 2.202155499951914
    },
    {
      "bytes": 204800,
      "bytes_per_second": 97860.83758434288,
      "path": "byte_brick",
      "peak_memory_bytes": 240219648,
      "round_seconds": [
        4.266631999984384,
        2.077901299810037,
        2.092767700087279,
        2.0798820999916643,
        2.191420500166714
      ],
      "seconds": 2.092767700087279
    },
    {
      "bytes": 204800,
      "bytes_per_second": 227583.95300918588,
      "path": "patch_base",
      "peak_memory_bytes": 220147712,
      "round_seconds": [
        1.982391799800098,
        0.871941699879244,
        0.8671909999102354,
        0.8998876998666674,
        0.9037318998016417
      ],
      "seconds": 0.8998876998666674
    },
    {
      "bytes": 204800,
      "bytes_per_second": 226507.2547940293,
      "path": "patch_brick",
      "peak_memory_bytes": 220147712,
      "round_seconds": [
        2.1019613000098616,
        0.8978946001734585,
        0.9041653000749648,
        0.968545800074935,
        0.8754716999828815
      ],
      "seconds": 0.9041653000749648
    }
  ],
  "sequence_bytes": 256
}
