{
  "status": "PASS",
  "artifact": "runs_experiment\\scale15m_northstar_arpatch2_seed6250.pt",
  "device": "cuda",
  "segments": 100,
  "prompt_bytes": 128,
  "evaluation_bytes": 6400,
  "loss": 1.3830227824965209,
  "bpb": 1.9952801097441861,
  "ppl": 3.986935068634681,
  "offset_bpb": [
    1.961356809753026,
    2.0292034097353464
  ],
  "baseline_bpb": 2.049247849,
  "bpb_margin": 0.053967739255813774,
  "scope": "Teacher-forced quality of the exact stateful cached generation path on deterministic heldout byte continuations."
}
