{
  "status": "PASS",
  "device": "cuda",
  "parameters": 14843840,
  "batch": 8,
  "sequence_tokens": 80,
  "estimated_bytes_per_token": 2.745308310991957,
  "median_ms": 4.770549945533276,
  "p95_ms": 5.339599912986159,
  "tokens_per_second": 134156.4405167249,
  "estimated_bytes_per_second": 368300.79112366296
}
