{
  "base_domain": {
    "bpb": 6.490021911224906,
    "loss": 4.498540389537811,
    "ppl": 89.88583719633316
  },
  "base_general": {
    "bpb": 2.4386668057943623,
    "loss": 1.69035502076149,
    "ppl": 5.421405074873415
  },
  "brick_config": {
    "alpha_init": 0.01,
    "d_abi": 96,
    "num_experts": 8,
    "patch_size": 4,
    "rank": 16,
    "top_k": 2,
    "type": "sparse_low_rank"
  },
  "domain_ratio": 0.5326156191368854,
  "general_ratio": 1.0210079570650865,
  "quantization_max_diff": 0.0,
  "quantized_int8": false,
  "source_core": "runs_experiment/scale5m_seed4242_continued.pt",
  "source_seed": 4242,
  "status": "PASS",
  "target_d_model": 256,
  "target_seed": 5151,
  "transfer_domain": {
    "bpb": 5.581188553036504,
    "loss": 3.8685851097106934,
    "ppl": 47.87460082996226
  },
  "transfer_general": {
    "bpb": 2.468660915471005,
    "loss": 1.7111453533172607,
    "ppl": 5.535297719918798
  }
}
