{
  "status": "PASS",
  "device": "cuda",
  "parameters": 14843840,
  "batch": 1,
  "sequence_tokens": 80,
  "estimated_bytes_per_token": 2.745308310991957,
  "median_ms": 5.6325000477954745,
  "p95_ms": 7.707500131800771,
  "tokens_per_second": 14203.284389018603,
  "estimated_bytes_per_second": 38992.39467655509
}
