{
  "status": "PASS",
  "artifact": "runs_experiment\\scale15m_northstar_arpatch2_seed6263.pt",
  "device": "cuda",
  "segments": 100,
  "prompt_bytes": 128,
  "evaluation_bytes": 6400,
  "loss": 1.3749507888565744,
  "bpb": 1.9836346845497481,
  "ppl": 3.9548820938617046,
  "offset_bpb": [
    1.946622338324963,
    2.0206470307745334
  ],
  "baseline_bpb": 2.049247849,
  "bpb_margin": 0.06561316445025178,
  "scope": "Teacher-forced quality of the exact stateful cached generation path on deterministic heldout byte continuations."
}
