{
  "batch": 8,
  "byte_parameters": 14566048,
  "device": "cuda",
  "global_sequence_reduction": 4,
  "iterations": 120,
  "patch_parameters": 5396608,
  "rounds": 7,
  "rows": [
    {
      "bytes": 245760,
      "bytes_per_second": 122127.09258431084,
      "path": "byte_base",
      "peak_memory_bytes": 145573376,
      "round_seconds": [
        2.0088682998903096,
        1.98910850007087,
        2.075629899976775,
        2.012329899938777,
        2.0284731001593173,
        2.008831199957058,
        2.2462346001993865
      ],
      "seconds": 2.012329899938777
    },
    {
      "bytes": 245760,
      "bytes_per_second": 117260.64140586802,
      "path": "byte_brick",
      "peak_memory_bytes": 150269440,
      "round_seconds": [
        2.0958438999950886,
        2.2054878000635654,
        2.125119599979371,
        2.0377102999482304,
        2.0961009000893682,
        2.055612600175664,
        2.0769706000573933
      ],
      "seconds": 2.0958438999950886
    },
    {
      "bytes": 245760,
      "bytes_per_second": 243637.76885787802,
      "path": "patch_base",
      "peak_memory_bytes": 120719872,
      "round_seconds": [
        1.0087105999700725,
        1.0271018999628723,
        1.000947100110352,
        1.0083963999059051,
        1.0357001000083983,
        0.9888776999432594,
        1.0228282001335174
      ],
      "seconds": 1.0087105999700725
    },
    {
      "bytes": 245760,
      "bytes_per_second": 231966.37468138305,
      "path": "patch_brick",
      "peak_memory_bytes": 120719872,
      "round_seconds": [
        1.03571129986085,
        1.0594639000482857,
        1.220602500019595,
        1.054477000143379,
        1.0490055999252945,
        1.0784344000276178,
        1.218460600124672
      ],
      "seconds": 1.0594639000482857
    }
  ],
  "sequence_bytes": 256
}
