{
  "status": "PASS",
  "device": "cpu",
  "threads": 1,
  "batch": 1,
  "sequence_tokens": 48,
  "estimated_context_bytes": 128.57142857142856,
  "median_ms": 15.922249993309379,
  "tokens_per_second": 3014.649312764834,
  "estimated_bytes_per_second": 8074.953516334376,
  "base_parameters": 14843840,
  "adapter_parameters": 95752
}
