{
  "batch": 1,
  "byte_parameters": 7492864,
  "device": "cuda",
  "global_sequence_reduction": 2,
  "iterations": 500,
  "patch_parameters": 14792160,
  "rounds": 7,
  "rows": [
    {
      "bytes": 128000,
      "bytes_per_second": 147303.01415841558,
      "path": "byte_base",
      "peak_memory_bytes": 105594368,
      "round_seconds": [
        0.8711711000651121,
        0.9920877001713961,
        0.8689570999704301,
        0.8445641999132931,
        0.867254100041464,
        0.8970751001033932,
        0.8625310000497848
      ],
      "seconds": 0.8689570999704301
    },
    {
      "bytes": 128000,
      "bytes_per_second": 145836.47128023507,
      "path": "byte_brick",
      "peak_memory_bytes": 105594368,
      "round_seconds": [
        0.855358500033617,
        0.8983797000255436,
        1.0740957001689821,
        0.8507865001447499,
        0.8776954000350088,
        0.8506350999232382,
        1.0041404999792576
      ],
      "seconds": 0.8776954000350088
    },
    {
      "bytes": 128000,
      "bytes_per_second": 86529.42963380356,
      "path": "patch_base",
      "peak_memory_bytes": 105825280,
      "round_seconds": [
        1.3772640000097454,
        1.492581200087443,
        1.483833499951288,
        1.4639770998619497,
        1.4803349000867456,
        1.4304867999162525,
        1.479265500092879
      ],
      "seconds": 1.479265500092879
    },
    {
      "bytes": 128000,
      "bytes_per_second": 86092.97759555408,
      "path": "patch_brick",
      "peak_memory_bytes": 105825280,
      "round_seconds": [
        1.4507313999347389,
        1.5980420999694616,
        1.4908469000365585,
        1.5039198999293149,
        1.4852026998996735,
        1.4218628997914493,
        1.4867646999191493
      ],
      "seconds": 1.4867646999191493
    }
  ],
  "sequence_bytes": 256
}
