{
  "base_domain": {
    "bpb": 6.608653497196526,
    "loss": 4.5807695388793945,
    "ppl": 97.58946420563359
  },
  "base_general": {
    "bpb": 2.2988958347058195,
    "loss": 1.5934731662273407,
    "ppl": 4.920810074439536
  },
  "brick_config": {
    "alpha_init": 0.01,
    "d_abi": 96,
    "num_experts": 8,
    "patch_size": 4,
    "rank": 16,
    "top_k": 2,
    "type": "sparse_low_rank"
  },
  "domain_ratio": 0.523122964736909,
  "elapsed_seconds": 157.63718605041504,
  "general_ratio": 1.024187151510187,
  "parameters": 25345,
  "patch_base_domain": {
    "bpb": 7.294876381717754,
    "loss": 5.056422996520996,
    "ppl": 157.02782147889943
  },
  "patch_base_general": {
    "bpb": 2.2890511952059978,
    "loss": 1.5866493821144103,
    "ppl": 4.887345835055742
  },
  "patch_target_domain": {
    "bpb": 5.355321931840543,
    "loss": 3.712026298046112,
    "ppl": 40.93667244250034
  },
  "patch_target_general": {
    "bpb": 2.3040934341862673,
    "loss": 1.597075867652893,
    "ppl": 4.938570257017346
  },
  "source_seed": 4242,
  "status": "PASS",
  "target_domain": {
    "bpb": 5.673875507031299,
    "loss": 3.932830810546875,
    "ppl": 51.0512898423375
  },
  "target_general": {
    "bpb": 2.3333752003221693,
    "loss": 1.6173724412918091,
    "ppl": 5.0398304532628595
  }
}
