{
  "base_domain": {
    "bpb": 6.8481345918018235,
    "loss": 4.746765184402466,
    "ppl": 115.2109947680465
  },
  "base_general": {
    "bpb": 2.734889904222247,
    "loss": 1.8956812262535094,
    "ppl": 6.657081839230864
  },
  "brick_config": {
    "alpha_init": 0.01,
    "d_abi": 64,
    "num_experts": 8,
    "patch_size": 4,
    "rank": 16,
    "top_k": 2,
    "type": "sparse_low_rank"
  },
  "domain_ratio": 0.5377436878094262,
  "elapsed_seconds": 65.77872633934021,
  "general_ratio": 1.0347391630076528,
  "parameters": 16897,
  "patch_base_domain": {
    "bpb": 7.739463401001023,
    "loss": 5.3645872354507445,
    "ppl": 213.70300744811186
  },
  "patch_base_general": {
    "bpb": 2.4165337909120796,
    "loss": 1.6750135838985443,
    "ppl": 5.338867671217396
  },
  "patch_target_domain": {
    "bpb": 5.796686804565104,
    "loss": 4.01795711517334,
    "ppl": 55.58743103466188
  },
  "patch_target_general": {
    "bpb": 2.4522836955599434,
    "loss": 1.699793529510498,
    "ppl": 5.472817299799053
  },
  "source_seed": 2028,
  "status": "PASS",
  "target_domain": {
    "bpb": 5.953125181891508,
    "loss": 4.126391935348511,
    "ppl": 61.953985202761835
  },
  "target_general": {
    "bpb": 2.78415704328865,
    "loss": 1.9298306047916411,
    "ppl": 6.88834329039919
  }
}
