{
  "core": {
    "c4_ppl": 34.50519682726011,
    "wt2_ppl": 87.02722514208321,
    "hellaswag": 0.31,
    "params": 48697092
  },
  "thinker": {
    "c4_ppl": 34.49338618533514,
    "wt2_ppl": 86.58594530469352,
    "hellaswag": 0.31,
    "trainable_params": 1520160
  },
  "improvement": {
    "c4_ppl_pct": 0.03422858876619417
  }
}