{
  "curves": [
    {
      "step": 1,
      "training_loss": 5.682236671447754,
      "training_mean_bytes_per_patch": 3.30989898989899,
      "validation": {
        "bits_per_byte": 7.00089553289789,
        "byte_accuracy": 0.0657958984375,
        "evaluated_bytes": 32768,
        "mean_bytes_per_patch": 3.3649620045183815,
        "patches": 9738
      },
      "wall_seconds": 0.16470100008882582
    },
    {
      "step": 610,
      "training_loss": 1.7611708641052246,
      "training_mean_bytes_per_patch": 3.3893256102606535,
      "validation": {
        "bits_per_byte": 2.5768179711844525,
        "byte_accuracy": 0.4888916015625,
        "evaluated_bytes": 32768,
        "mean_bytes_per_patch": 3.3649620045183815,
        "patches": 9738
      },
      "wall_seconds": 19.49779600009788
    },
    {
      "step": 1220,
      "training_loss": 1.6828746795654297,
      "training_mean_bytes_per_patch": 3.3287281592848434,
      "validation": {
        "bits_per_byte": 2.3272671891815477,
        "byte_accuracy": 0.534332275390625,
        "evaluated_bytes": 32768,
        "mean_bytes_per_patch": 3.3649620045183815,
        "patches": 9738
      },
      "wall_seconds": 38.935281999991275
    },
    {
      "step": 1221,
      "training_loss": 1.6803174018859863,
      "training_mean_bytes_per_patch": 3.3477727829995914,
      "validation": {
        "bits_per_byte": 2.33399965427897,
        "byte_accuracy": 0.533294677734375,
        "evaluated_bytes": 32768,
        "mean_bytes_per_patch": 3.3649620045183815,
        "patches": 9738
      },
      "wall_seconds": 39.147435900056735
    }
  ],
  "expert_gradient_steps": [
    1221,
    1221,
    1221,
    1214,
    1221,
    1221,
    1221,
    1221
  ],
  "format": "layercake-adaptive-core-resume/1",
  "peak_memory": 573494784,
  "routing_assignments": [
    406428,
    408565,
    407744,
    405318,
    410930,
    407799,
    407521,
    407423
  ],
  "routing_entropy": 1204.5366683006287,
  "routing_observations": 1221,
  "run_fingerprint": "c9e9217e8303ba8c7c52789597117b8c3b95f7cc2a29d2c06bc6f2b7558fbcdb",
  "step": 1221,
  "wall_seconds": 39.147435900056735
}