{
  "curves": [
    {
      "step": 1,
      "training_loss": 5.8095879554748535,
      "training_mean_bytes_per_patch": 3.3382233088834554,
      "validation": {
        "bits_per_byte": 7.147184491669748,
        "byte_accuracy": 0.1690673828125,
        "evaluated_bytes": 32768,
        "mean_bytes_per_patch": 3.3649620045183815,
        "patches": 9738
      },
      "wall_seconds": 0.5232153999386355
    },
    {
      "step": 610,
      "training_loss": 1.772466778755188,
      "training_mean_bytes_per_patch": 3.3656532456861132,
      "validation": {
        "bits_per_byte": 2.5220697127883054,
        "byte_accuracy": 0.49365234375,
        "evaluated_bytes": 32768,
        "mean_bytes_per_patch": 3.3649620045183815,
        "patches": 9738
      },
      "wall_seconds": 31.109510399983265
    },
    {
      "step": 1220,
      "training_loss": 1.6349437236785889,
      "training_mean_bytes_per_patch": 3.4005811540058115,
      "validation": {
        "bits_per_byte": 2.287758377971848,
        "byte_accuracy": 0.539154052734375,
        "evaluated_bytes": 32768,
        "mean_bytes_per_patch": 3.3649620045183815,
        "patches": 9738
      },
      "wall_seconds": 60.25110739993397
    },
    {
      "step": 1221,
      "training_loss": 1.661921501159668,
      "training_mean_bytes_per_patch": 3.3781443298969074,
      "validation": {
        "bits_per_byte": 2.288117488495765,
        "byte_accuracy": 0.539093017578125,
        "evaluated_bytes": 32768,
        "mean_bytes_per_patch": 3.3649620045183815,
        "patches": 9738
      },
      "wall_seconds": 60.552750299917534
    }
  ],
  "expert_gradient_steps": [
    1221,
    1221,
    1221,
    1218,
    1221,
    1221,
    1221,
    1221
  ],
  "format": "layercake-adaptive-core-resume/1",
  "peak_memory": 448292864,
  "routing_assignments": [
    406850,
    410954,
    405742,
    409489,
    407837,
    412783,
    401134,
    405627
  ],
  "routing_entropy": 1213.4352182149887,
  "routing_observations": 1221,
  "run_fingerprint": "ab5be9b402ec8742e4c2afeef7c3fa01b9688a4e07d9b5b18a7a114c3d82fad5",
  "step": 1221,
  "wall_seconds": 60.552750299917534
}