{
  "curves": [
    {
      "step": 1,
      "training_loss": 5.633155822753906,
      "training_mean_bytes_per_patch": 3.3382233088834554,
      "validation": {
        "bits_per_byte": 7.007902321072354,
        "byte_accuracy": 0.165557861328125,
        "evaluated_bytes": 32768,
        "mean_bytes_per_patch": 3.3649620045183815,
        "patches": 9738
      },
      "wall_seconds": 0.2656727998983115
    },
    {
      "step": 610,
      "training_loss": 1.7539832592010498,
      "training_mean_bytes_per_patch": 3.3656532456861132,
      "validation": {
        "bits_per_byte": 2.517476217417495,
        "byte_accuracy": 0.496612548828125,
        "evaluated_bytes": 32768,
        "mean_bytes_per_patch": 3.3649620045183815,
        "patches": 9738
      },
      "wall_seconds": 34.063350199954584
    },
    {
      "step": 1220,
      "training_loss": 1.6271884441375732,
      "training_mean_bytes_per_patch": 3.4005811540058115,
      "validation": {
        "bits_per_byte": 2.2824755331407163,
        "byte_accuracy": 0.538116455078125,
        "evaluated_bytes": 32768,
        "mean_bytes_per_patch": 3.3649620045183815,
        "patches": 9738
      },
      "wall_seconds": 68.04048139997758
    },
    {
      "step": 1221,
      "training_loss": 1.6527910232543945,
      "training_mean_bytes_per_patch": 3.3781443298969074,
      "validation": {
        "bits_per_byte": 2.281707157652324,
        "byte_accuracy": 0.538330078125,
        "evaluated_bytes": 32768,
        "mean_bytes_per_patch": 3.3649620045183815,
        "patches": 9738
      },
      "wall_seconds": 68.3836747999303
    }
  ],
  "expert_gradient_steps": [
    1221,
    1221,
    1221,
    1221,
    1221,
    1221,
    1221,
    1221
  ],
  "format": "layercake-adaptive-core-resume/1",
  "peak_memory": 526886912,
  "routing_assignments": [
    406663,
    407044,
    407096,
    406565,
    406566,
    405721,
    410588,
    410173
  ],
  "routing_entropy": 1211.8957260251045,
  "routing_observations": 1221,
  "run_fingerprint": "7686a67747ebae42199e3a6a33aa7caf478b0d95cd94e01e51399d2c4764ef6d",
  "step": 1221,
  "wall_seconds": 68.3836747999303
}