{
  "adapter_cpu_bytes_per_second": 7083.493544925631,
  "adapter_payload_bytes": 383008,
  "adapter_training_seconds": 183.0902979373932,
  "domain_cpu_bytes_per_second": 31894.349966981936,
  "domain_payload_bytes": 148808,
  "domain_training_seconds": 51.29266142845154,
  "migrated_domain_bpb": [
    1.4417685101548379,
    1.4435710534392248
  ],
  "scope": "Locked Python-domain PX/sparse payload comparison versus transformer adapter.",
  "status": "PASS",
  "transformer_adapter_domain_bpb": [
    2.11011393891534,
    2.0951201146965883
  ]
}