{
  "curves": [
    {
      "step": 1,
      "training_loss": 5.61281156539917,
      "training_mean_bytes_per_patch": 3.311236863379143,
      "validation": {
        "bits_per_byte": 6.748871618877747,
        "byte_accuracy": 0.1841583251953125,
        "evaluated_bytes": 65536,
        "mean_bytes_per_patch": 3.3620273944492896,
        "patches": 19493
      },
      "wall_seconds": 0.39646870002616197
    },
    {
      "step": 6103,
      "training_loss": 1.425888180732727,
      "training_mean_bytes_per_patch": 3.380932728023112,
      "validation": {
        "bits_per_byte": 1.9559868880430062,
        "byte_accuracy": 0.5971527099609375,
        "evaluated_bytes": 65536,
        "mean_bytes_per_patch": 3.3620273944492896,
        "patches": 19493
      },
      "wall_seconds": 331.56314119999297
    },
    {
      "step": 12206,
      "training_loss": 1.3610963821411133,
      "training_mean_bytes_per_patch": 3.3977602654500205,
      "validation": {
        "bits_per_byte": 1.8615634897159434,
        "byte_accuracy": 0.617523193359375,
        "evaluated_bytes": 65536,
        "mean_bytes_per_patch": 3.3620273944492896,
        "patches": 19493
      },
      "wall_seconds": 665.1903882999904
    },
    {
      "step": 12207,
      "training_loss": 1.3362326622009277,
      "training_mean_bytes_per_patch": 3.3532541956610724,
      "validation": {
        "bits_per_byte": 1.8628944795743443,
        "byte_accuracy": 0.6168060302734375,
        "evaluated_bytes": 65536,
        "mean_bytes_per_patch": 3.3620273944492896,
        "patches": 19493
      },
      "wall_seconds": 665.7569468000438
    }
  ],
  "expert_gradient_steps": [
    12205,
    12207,
    12207,
    12207,
    12207,
    12207,
    12207,
    12207
  ],
  "format": "layercake-adaptive-core-resume/1",
  "peak_memory": 606242304,
  "routing_assignments": [
    4066118,
    4073972,
    4084665,
    4074624,
    4062061,
    4071409,
    4063245,
    4064834
  ],
  "routing_entropy": 12186.128697574139,
  "routing_observations": 12207,
  "run_fingerprint": "36cebc3453dbb7039f9b4d5ed6b6e5483e82b870b957b321f3cf6a4e039120d7",
  "step": 12207,
  "wall_seconds": 665.7569468000438
}