{
  "curves": [
    {
      "step": 1,
      "training_loss": 5.855757236480713,
      "training_mean_bytes_per_patch": 3.3382233088834554,
      "validation": {
        "bits_per_byte": 7.092179968374899,
        "byte_accuracy": 0.1527099609375,
        "evaluated_bytes": 32768,
        "mean_bytes_per_patch": 3.3649620045183815,
        "patches": 9738
      },
      "wall_seconds": 0.29198710003402084
    },
    {
      "step": 610,
      "training_loss": 1.810619831085205,
      "training_mean_bytes_per_patch": 3.3656532456861132,
      "validation": {
        "bits_per_byte": 2.587595618714988,
        "byte_accuracy": 0.480926513671875,
        "evaluated_bytes": 32768,
        "mean_bytes_per_patch": 3.3649620045183815,
        "patches": 9738
      },
      "wall_seconds": 36.6346518000355
    },
    {
      "step": 1220,
      "training_loss": 1.6776949167251587,
      "training_mean_bytes_per_patch": 3.4005811540058115,
      "validation": {
        "bits_per_byte": 2.3470769678255174,
        "byte_accuracy": 0.525726318359375,
        "evaluated_bytes": 32768,
        "mean_bytes_per_patch": 3.3649620045183815,
        "patches": 9738
      },
      "wall_seconds": 73.67139329994097
    },
    {
      "step": 1221,
      "training_loss": 1.6972798109054565,
      "training_mean_bytes_per_patch": 3.3781443298969074,
      "validation": {
        "bits_per_byte": 2.3494772759390314,
        "byte_accuracy": 0.525299072265625,
        "evaluated_bytes": 32768,
        "mean_bytes_per_patch": 3.3649620045183815,
        "patches": 9738
      },
      "wall_seconds": 74.05534459999762
    }
  ],
  "expert_gradient_steps": [
    1221,
    1221,
    1221,
    1221,
    1221,
    1221,
    1221,
    1221
  ],
  "format": "layercake-adaptive-core-resume/1",
  "peak_memory": 615123968,
  "routing_assignments": [
    406598,
    408541,
    407548,
    404047,
    410636,
    404980,
    411099,
    406967
  ],
  "routing_entropy": 1211.292361855507,
  "routing_observations": 1221,
  "run_fingerprint": "c2e6ab36275d0d86f31068d07b741f335927da8d35f95dc41a8dfb0661d9ab70",
  "step": 1221,
  "wall_seconds": 74.05534459999762
}