{
  "curves": [
    {
      "step": 1,
      "training_loss": 6.226056098937988,
      "training_mean_bytes_per_patch": 3.3656532456861132,
      "validation": {
        "bits_per_byte": 6.945044510995495,
        "byte_accuracy": 0.182159423828125,
        "evaluated_bytes": 32768,
        "mean_bytes_per_patch": 3.3649620045183815,
        "patches": 9738
      },
      "wall_seconds": 0.4938652999699116
    },
    {
      "step": 610,
      "training_loss": 2.1019132137298584,
      "training_mean_bytes_per_patch": 3.301894397420395,
      "validation": {
        "bits_per_byte": 2.427846695747329,
        "byte_accuracy": 0.51141357421875,
        "evaluated_bytes": 32768,
        "mean_bytes_per_patch": 3.3649620045183815,
        "patches": 9738
      },
      "wall_seconds": 28.05987199989613
    },
    {
      "step": 1220,
      "training_loss": 1.806535005569458,
      "training_mean_bytes_per_patch": 3.3314355429036193,
      "validation": {
        "bits_per_byte": 2.2088099678205046,
        "byte_accuracy": 0.55010986328125,
        "evaluated_bytes": 32768,
        "mean_bytes_per_patch": 3.3649620045183815,
        "patches": 9738
      },
      "wall_seconds": 55.50462709995918
    },
    {
      "step": 1221,
      "training_loss": 1.7559211254119873,
      "training_mean_bytes_per_patch": 3.34640522875817,
      "validation": {
        "bits_per_byte": 2.2090217859528734,
        "byte_accuracy": 0.551177978515625,
        "evaluated_bytes": 32768,
        "mean_bytes_per_patch": 3.3649620045183815,
        "patches": 9738
      },
      "wall_seconds": 55.78368449991103
    }
  ],
  "expert_gradient_steps": [
    1221,
    1221,
    1221,
    1221,
    1221,
    1221,
    1221,
    1221
  ],
  "format": "layercake-adaptive-core-resume/1",
  "peak_memory": 595997184,
  "routing_assignments": [
    409295,
    411067,
    408521,
    404776,
    407470,
    407872,
    403023,
    405416
  ],
  "routing_entropy": 1211.9473229050636,
  "routing_observations": 1221,
  "run_fingerprint": "cec52b5a7a1e9eea888e382798ec99a60df773e7881e5df31b5fc337fce6d552",
  "step": 1221,
  "wall_seconds": 55.78368449991103
}