{
  "curves": [
    {
      "step": 1,
      "training_loss": 5.59603214263916,
      "training_mean_bytes_per_patch": 3.30989898989899,
      "validation": {
        "bits_per_byte": 6.825628185386253,
        "byte_accuracy": 0.174560546875,
        "evaluated_bytes": 32768,
        "mean_bytes_per_patch": 3.3649620045183815,
        "patches": 9738
      },
      "wall_seconds": 0.31640749995131046
    },
    {
      "step": 610,
      "training_loss": 1.698179006576538,
      "training_mean_bytes_per_patch": 3.3893256102606535,
      "validation": {
        "bits_per_byte": 2.4680200156732157,
        "byte_accuracy": 0.50469970703125,
        "evaluated_bytes": 32768,
        "mean_bytes_per_patch": 3.3649620045183815,
        "patches": 9738
      },
      "wall_seconds": 39.47788749996107
    },
    {
      "step": 1220,
      "training_loss": 1.618046760559082,
      "training_mean_bytes_per_patch": 3.3287281592848434,
      "validation": {
        "bits_per_byte": 2.2425067435823682,
        "byte_accuracy": 0.543853759765625,
        "evaluated_bytes": 32768,
        "mean_bytes_per_patch": 3.3649620045183815,
        "patches": 9738
      },
      "wall_seconds": 78.90055839996785
    },
    {
      "step": 1221,
      "training_loss": 1.6243194341659546,
      "training_mean_bytes_per_patch": 3.3477727829995914,
      "validation": {
        "bits_per_byte": 2.2451795474572585,
        "byte_accuracy": 0.543304443359375,
        "evaluated_bytes": 32768,
        "mean_bytes_per_patch": 3.3649620045183815,
        "patches": 9738
      },
      "wall_seconds": 79.31189139990602
    }
  ],
  "expert_gradient_steps": [
    1221,
    1221,
    1221,
    1221,
    1221,
    1221,
    1221,
    1221
  ],
  "format": "layercake-adaptive-core-resume/1",
  "peak_memory": 593779712,
  "routing_assignments": [
    406817,
    406791,
    409906,
    408074,
    408897,
    407713,
    406420,
    407110
  ],
  "routing_entropy": 1212.7004778385162,
  "routing_observations": 1221,
  "run_fingerprint": "eaeb5e9a4552c2cba41d7eab8610e9b619724e74c71e33e55a83da06929f9ff6",
  "step": 1221,
  "wall_seconds": 79.31189139990602
}