{
  "curves": [
    {
      "step": 1,
      "training_loss": 5.715540409088135,
      "training_mean_bytes_per_patch": 3.138697318007663,
      "validation": {
        "bits_per_byte": 7.104071042336036,
        "byte_accuracy": 0.1645965576171875,
        "evaluated_bytes": 65536,
        "mean_bytes_per_patch": 3.1255246089278903,
        "patches": 20968
      },
      "wall_seconds": 2.767677800031379
    },
    {
      "step": 610,
      "training_loss": 1.569970726966858,
      "training_mean_bytes_per_patch": 3.13389441469013,
      "validation": {
        "bits_per_byte": 2.2648680622089965,
        "byte_accuracy": 0.545135498046875,
        "evaluated_bytes": 65536,
        "mean_bytes_per_patch": 3.1255246089278903,
        "patches": 20968
      },
      "wall_seconds": 76.99465090001468
    },
    {
      "step": 1220,
      "training_loss": 1.4228841066360474,
      "training_mean_bytes_per_patch": 3.147137917787169,
      "validation": {
        "bits_per_byte": 2.077456154432224,
        "byte_accuracy": 0.579193115234375,
        "evaluated_bytes": 65536,
        "mean_bytes_per_patch": 3.1255246089278903,
        "patches": 20968
      },
      "wall_seconds": 153.62148410000373
    },
    {
      "step": 1221,
      "training_loss": 1.4392367601394653,
      "training_mean_bytes_per_patch": 3.1195734958111196,
      "validation": {
        "bits_per_byte": 2.0780703367252022,
        "byte_accuracy": 0.579254150390625,
        "evaluated_bytes": 65536,
        "mean_bytes_per_patch": 3.1255246089278903,
        "patches": 20968
      },
      "wall_seconds": 156.33238729997538
    }
  ],
  "expert_gradient_steps": [
    1221,
    1221,
    1221,
    1221,
    1221,
    1221,
    1221,
    1221
  ],
  "format": "layercake-adaptive-core-resume/1",
  "peak_memory": 664530944,
  "routing_assignments": [
    435498,
    430256,
    427830,
    436988,
    431539,
    433916,
    425293,
    426840
  ],
  "routing_entropy": 1201.562356352806,
  "routing_observations": 1221,
  "run_fingerprint": "1de7fb662ec54922bf2fd1c81664f7e1172461817e1c64389ec64fd4713163cc",
  "step": 1221,
  "wall_seconds": 156.33238729997538
}