{
  "curves": [
    {
      "step": 1,
      "training_loss": 5.6439714431762695,
      "training_mean_bytes_per_patch": 3.376751854905194,
      "validation": {
        "bits_per_byte": 6.959219278083944,
        "byte_accuracy": 0.1851806640625,
        "evaluated_bytes": 32768,
        "mean_bytes_per_patch": 3.3649620045183815,
        "patches": 9738
      },
      "wall_seconds": 0.1604702000040561
    },
    {
      "step": 610,
      "training_loss": 1.6865248680114746,
      "training_mean_bytes_per_patch": 3.3355048859934855,
      "validation": {
        "bits_per_byte": 2.410280581268684,
        "byte_accuracy": 0.5146484375,
        "evaluated_bytes": 32768,
        "mean_bytes_per_patch": 3.3649620045183815,
        "patches": 9738
      },
      "wall_seconds": 25.913784499978647
    },
    {
      "step": 1220,
      "training_loss": 1.5624364614486694,
      "training_mean_bytes_per_patch": 3.3851239669421487,
      "validation": {
        "bits_per_byte": 2.1854947420464077,
        "byte_accuracy": 0.556640625,
        "evaluated_bytes": 32768,
        "mean_bytes_per_patch": 3.3649620045183815,
        "patches": 9738
      },
      "wall_seconds": 51.94609250000212
    },
    {
      "step": 1221,
      "training_loss": 1.5632975101470947,
      "training_mean_bytes_per_patch": 3.396351575456053,
      "validation": {
        "bits_per_byte": 2.1838881446155414,
        "byte_accuracy": 0.55621337890625,
        "evaluated_bytes": 32768,
        "mean_bytes_per_patch": 3.3649620045183815,
        "patches": 9738
      },
      "wall_seconds": 52.17532789998222
    }
  ],
  "expert_gradient_steps": [],
  "format": "layercake-adaptive-core-resume/1",
  "peak_memory": 673760768,
  "routing_assignments": null,
  "routing_entropy": 0.0,
  "routing_observations": 0,
  "run_fingerprint": "52f14ca084afec663a38a7c1bb4ceafb60c6720c19eb68adf4886127fbb9a15e",
  "step": 1221,
  "wall_seconds": 52.17532789998222
}