{
  "curves": [
    {
      "step": 1,
      "training_loss": 5.763047695159912,
      "training_mean_bytes_per_patch": 3.1279114165712105,
      "validation": {
        "bits_per_byte": 7.252017827870885,
        "byte_accuracy": 0.150360107421875,
        "evaluated_bytes": 65536,
        "mean_bytes_per_patch": 3.1255246089278903,
        "patches": 20968
      },
      "wall_seconds": 2.9029796000104398
    },
    {
      "step": 6103,
      "training_loss": 1.297936201095581,
      "training_mean_bytes_per_patch": 3.1825951825951826,
      "validation": {
        "bits_per_byte": 1.839827037804478,
        "byte_accuracy": 0.6221160888671875,
        "evaluated_bytes": 65536,
        "mean_bytes_per_patch": 3.1255246089278903,
        "patches": 20968
      },
      "wall_seconds": 708.132337499992
    },
    {
      "step": 12206,
      "training_loss": 1.2462375164031982,
      "training_mean_bytes_per_patch": 3.1219512195121952,
      "validation": {
        "bits_per_byte": 1.755690416275641,
        "byte_accuracy": 0.64166259765625,
        "evaluated_bytes": 65536,
        "mean_bytes_per_patch": 3.1255246089278903,
        "patches": 20968
      },
      "wall_seconds": 1412.0295026999665
    },
    {
      "step": 12207,
      "training_loss": 1.221182942390442,
      "training_mean_bytes_per_patch": 3.138697318007663,
      "validation": {
        "bits_per_byte": 1.7565263809458223,
        "byte_accuracy": 0.6417083740234375,
        "evaluated_bytes": 65536,
        "mean_bytes_per_patch": 3.1255246089278903,
        "patches": 20968
      },
      "wall_seconds": 1414.646902400069
    }
  ],
  "expert_gradient_steps": [
    12207,
    12207,
    12207,
    12207,
    12207,
    12207,
    12207,
    12207
  ],
  "format": "layercake-adaptive-core-resume/1",
  "peak_memory": 566393344,
  "routing_assignments": [
    4304388,
    4310942,
    4304820,
    4287942,
    4309429,
    4311824,
    4308977,
    4312558
  ],
  "routing_entropy": 11431.479983150959,
  "routing_observations": 12207,
  "run_fingerprint": "194ee769b9086fe4f8d0fcbb58a99da10f5623d357a1cc833c7fc88d40e2d099",
  "step": 12207,
  "wall_seconds": 1414.646902400069
}